Date,Open,High,Low,Close,Volume
2018-01-01 00:00:00+00:00,13002.459741734036,13168.91540392077,12805.388452627774,12897.501664323818,21164909373.80747
2018-01-02 00:00:00+00:00,12916.003554214923,13038.143059789509,12645.856141439026,12757.375560741724,36327029061.78158
2018-01-03 00:00:00+00:00,12785.369416411724,12906.040236439876,12576.861715866064,12746.841558987073,35451582220.65142
2018-01-04 00:00:00+00:00,12768.564776632396,12836.86363995153,12481.018572575991,12652.147604306298,35083297841.952324
2018-01-05 00:00:00+00:00,12661.32160665177,12775.250346230066,12461.454010916425,12624.165583134873,34237230909.073055
2018-01-06 00:00:00+00:00,12667.510345233668,12738.735015199853,12410.841834590008,12543.662695354062,29756138223.109955
2018-01-07 00:00:00+00:00,12534.202393436266,12658.951207606424,12392.902893576564,12576.149327083234,37704405906.52402
2018-01-08 00:00:00+00:00,12584.59444967223,12699.380798151888,12389.26141840793,12539.204187939478,31572655462.63319
2018-01-09 00:00:00+00:00,12528.29224416276,12735.794848288626,12341.871225416457,12611.026647366907,32083949879.864212
2018-01-10 00:00:00+00:00,12595.194672656247,12763.126504427724,12416.803889274655,12526.975914066112,35396873049.26649
2018-01-11 00:00:00+00:00,12510.351068739734,12651.8205701615,12354.783699997804,12437.787170113012,40108482633.27877
2018-01-12 00:00:00+00:00,12417.046354460368,12564.479658800072,12232.526512488945,12391.549924196644,42503947180.04826
2018-01-13 00:00:00+00:00,12382.9286046035,12508.629866834151,12259.234201230023,12397.724923715776,31588180434.00849
2018-01-14 00:00:00+00:00,12384.008546702862,12583.008486475046,12257.600304990106,12437.342546366994,34485802031.096054
2018-01-15 00:00:00+00:00,12413.961731684269,12578.892353318122,12250.082405050289,12314.011745294853,29069657625.975777
2018-01-16 00:00:00+00:00,12318.501106426987,12519.22944464524,12189.151400480689,12332.591924939805,34744940048.345894
2018-01-17 00:00:00+00:00,12332.55452697998,12462.44868517246,12154.624704725264,12292.532348632509,40066226593.08501
2018-01-18 00:00:00+00:00,12298.140607891242,12520.138705534458,12151.63609225217,12319.45160510938,34037279164.529884
2018-01-19 00:00:00+00:00,12325.6484975118,12514.99012563502,12087.125194892702,12196.457186472067,41747508448.44421
2018-01-20 00:00:00+00:00,12195.705106246523,12323.38208938608,12002.156535003183,12190.363300802235,33046980030.280437
2018-01-21 00:00:00+00:00,12199.473679312625,12248.15132774492,11986.559328987403,12106.852470860598,38045863782.82666
2018-01-22 00:00:00+00:00,12068.557472517126,12171.293042766616,11847.790463837402,11926.88430388738,29899091419.51544
2018-01-23 00:00:00+00:00,11905.836435267036,12032.857571510369,11693.637431007332,11797.323013295418,37297733348.080925
2018-01-24 00:00:00+00:00,11772.319844545184,12009.54519799796,11599.350184110654,11742.07167062968,32139935301.056087
2018-01-25 00:00:00+00:00,11735.429638773156,11917.39840886424,11612.05232921549,11732.217201467194,38358868441.30264
2018-01-26 00:00:00+00:00,11743.597406672814,11928.401631356335,11633.223021977166,11817.328527249349,35141416052.74434
2018-01-27 00:00:00+00:00,11847.665622861336,11964.344800172224,11560.99873482779,11660.731743678094,45909733688.669205
2018-01-28 00:00:00+00:00,11651.353296067957,11874.449726434998,11539.370374596572,11639.812627216585,37932326945.14986
2018-01-29 00:00:00+00:00,11626.973927788282,11748.492329780209,11469.606201026856,11600.042396315415,32735571914.989986
2018-01-30 00:00:00+00:00,11623.572777045923,11706.057490309957,11370.39161885573,11534.186272700284,35952356213.21543
2018-01-31 00:00:00+00:00,11526.56653990838,11645.745886481322,11371.560972715724,11445.891852961526,31980060483.7565
2018-02-01 00:00:00+00:00,11451.166676426818,11565.348638933214,11260.384666953158,11426.354250353696,37840705975.79025
2018-02-02 00:00:00+00:00,11423.60472221193,11564.215189012411,11280.584825456464,11431.06731434083,36825460570.69174
2018-02-03 00:00:00+00:00,11446.003397656312,11531.496337423572,11201.15362903747,11384.431908249428,34248663256.669746
2018-02-04 00:00:00+00:00,11371.46372270267,11590.957183195953,11272.632165326188,11394.571511955874,32185683850.66492
2018-02-05 00:00:00+00:00,11390.62269813768,11553.597849097448,11271.76191553154,11409.03235057498,30693350819.494904
2018-02-06 00:00:00+00:00,11380.30725528048,11523.306142199162,11260.614024723476,11467.124811006905,34407393907.45556
2018-02-07 00:00:00+00:00,11482.006281559714,11746.263769150217,11432.780939917724,11586.78659308765,39354844579.31979
2018-02-08 00:00:00+00:00,11579.708839382827,11802.345820303308,11471.415159282022,11551.93391481174,33402866001.325592
2018-02-09 00:00:00+00:00,11528.305422589228,11634.468338729788,11369.410495424476,11528.921388598916,44281520156.8109
2018-02-10 00:00:00+00:00,11558.080697421838,11727.222410100292,11335.21294027446,11453.523105901331,41939555753.04111
2018-02-11 00:00:00+00:00,11455.274312206113,11592.735707792272,11323.485015241344,11465.601835372525,36553454176.63122
2018-02-12 00:00:00+00:00,11506.147954131193,11647.682070846637,11321.424409204026,11513.090550634231,36093554570.538895
2018-02-13 00:00:00+00:00,11532.832989374165,11662.894331437588,11394.229619551128,11541.854161189402,32160343612.058815
2018-02-14 00:00:00+00:00,11532.455965505387,11622.664451915334,11338.67537730079,11457.220062628996,36057657093.52573
2018-02-15 00:00:00+00:00,11446.114734092984,11636.576977882023,11367.599104067784,11464.780778542055,32224759383.75708
2018-02-16 00:00:00+00:00,11480.151051250105,11705.20651790937,11287.820529550583,11539.243627589318,29632857881.61619
2018-02-17 00:00:00+00:00,11545.299069101458,11689.909789276016,11469.49193766022,11511.995393269615,37249499449.137024
2018-02-18 00:00:00+00:00,11516.002192646796,11723.61835322402,11366.71308770989,11575.358994463822,36582530908.42327
2018-02-19 00:00:00+00:00,11531.373671943582,11666.939997895404,11330.952139646672,11455.30844685751,39265984346.58172
2018-02-20 00:00:00+00:00,11438.571038463117,11592.121598738351,11301.1641082755,11410.37387614674,32266048137.739754
2018-02-21 00:00:00+00:00,11395.239951921763,11587.833359880266,11274.54970954334,11404.589201910085,38148586966.38864
2018-02-22 00:00:00+00:00,11405.881193213636,11499.765644068006,11213.478816613177,11361.124459236547,35010196438.30796
2018-02-23 00:00:00+00:00,11328.324516786386,11496.737757751398,11202.863158857348,11337.848693837106,35431009258.60481
2018-02-24 00:00:00+00:00,11346.274664453493,11462.28811843394,11234.37300705003,11311.523158565948,30758966197.099377
2018-02-25 00:00:00+00:00,11298.394371490782,11437.297833486517,11145.820656633005,11295.906645483255,33170329554.988297
2018-02-26 00:00:00+00:00,11318.67194122107,11369.794775297723,11049.955000964534,11115.66674010865,34460171525.558105
2018-02-27 00:00:00+00:00,11110.653250086258,11256.191483905775,10956.687891718522,11143.000830557366,30365117026.572365
2018-02-28 00:00:00+00:00,11175.768550484749,11305.989944148818,11019.786380831669,11188.906958914382,34989924738.50468
2018-03-01 00:00:00+00:00,11196.295508854855,11340.266349559754,11083.630413594568,11207.877817764012,37288351909.21025
2018-03-02 00:00:00+00:00,11215.873599494447,11447.0980141376,11024.21472923984,11250.480225369649,35820034135.06441
2018-03-03 00:00:00+00:00,11256.480600696708,11401.76448583824,11161.02130408842,11213.397949381557,33067747486.41776
2018-03-04 00:00:00+00:00,11198.181796484205,11438.251025777216,11087.914150181852,11324.728074713465,43244487894.931305
2018-03-05 00:00:00+00:00,11296.673552119672,11477.05919865414,11172.08616535112,11280.9395556134,35607125369.327354
2018-03-06 00:00:00+00:00,11286.320955294565,11344.46607393803,11103.405691484431,11233.709043352468,40450702856.23705
2018-03-07 00:00:00+00:00,11219.392252868784,11258.692876332218,10986.667496727016,11110.74864322624,33949553603.80138
2018-03-08 00:00:00+00:00,11129.450653140591,11231.11407536333,10882.287587575956,11020.5018273365,33527115440.458214
2018-03-09 00:00:00+00:00,11022.953791918091,11212.064291679104,10880.74789401652,11057.21146329437,32738247011.63968
2018-03-10 00:00:00+00:00,11061.837792016311,11189.340933312224,10897.909947814493,11107.592556497544,36359822639.14707
2018-03-11 00:00:00+00:00,11090.16882863569,11210.104284487486,11011.15573262108,11120.271052405493,30510984863.43661
2018-03-12 00:00:00+00:00,11097.20349326104,11241.472272536435,10947.403823432887,11117.429044289936,38072077284.12237
2018-03-13 00:00:00+00:00,11094.791043669737,11291.506211663796,10974.700876729354,11122.56960813138,30045336962.9578
2018-03-14 00:00:00+00:00,11166.514656636373,11243.60981075468,10886.27571611729,11108.42926299201,33928317245.500515
2018-03-15 00:00:00+00:00,11115.528196917256,11243.161031207956,10995.953922204904,11136.483855342558,33096212095.372623
2018-03-16 00:00:00+00:00,11150.663464160089,11188.652716968185,10884.337196035727,11006.890334037498,34486934982.59408
2018-03-17 00:00:00+00:00,11000.166009218045,11056.73001547537,10782.904191151454,10862.8961477933,30883632932.037342
2018-03-18 00:00:00+00:00,10862.684398136513,10990.629340972671,10733.992717513836,10807.255495097175,31871290296.561886
2018-03-19 00:00:00+00:00,10815.224688521575,10946.447015178925,10713.726998914555,10804.93065034096,31908837491.42406
2018-03-20 00:00:00+00:00,10794.333231845476,10894.141916856794,10629.898956197192,10760.255429123154,31525221331.048977
2018-03-21 00:00:00+00:00,10767.553107236034,10872.197790190674,10655.02905911675,10729.460945594596,32105918338.13601
2018-03-22 00:00:00+00:00,10704.77526267248,10879.785193139607,10573.384241983951,10704.035974118402,41224628822.92998
2018-03-23 00:00:00+00:00,10687.070627940991,10820.971009948187,10571.456798867655,10725.887577488107,38650310812.1379
2018-03-24 00:00:00+00:00,10710.819916297156,10839.042148723687,10594.966597189012,10722.487264848216,29433367459.465637
2018-03-25 00:00:00+00:00,10738.143710783004,10801.578309515768,10525.9164977839,10624.087300393654,34513977750.74293
2018-03-26 00:00:00+00:00,10611.447915393492,10743.252364454154,10467.703802256105,10590.60664080788,40699311009.59021
2018-03-27 00:00:00+00:00,10581.79409149322,10665.878017549565,10437.285987401749,10517.049621903365,31709933208.652863
2018-03-28 00:00:00+00:00,10511.92525888877,10625.36179839538,10365.333724580842,10439.004714358029,27890097175.64062
2018-03-29 00:00:00+00:00,10434.981731573056,10557.300472877976,10300.534958330849,10406.578589052757,31743660136.462772
2018-03-30 00:00:00+00:00,10412.306991072071,10480.312035428453,10255.515925717687,10382.42849036762,34072167394.24767
2018-03-31 00:00:00+00:00,10391.87960366078,10467.884068845684,10177.98730117382,10315.13117380079,30093864095.491116
2018-04-01 00:00:00+00:00,10288.320173714852,10418.224742193248,10205.67119130166,10310.850926495985,37832240395.55068
2018-04-02 00:00:00+00:00,10289.988018796848,10395.377140776744,10093.942269936408,10267.263571338814,34172573854.669502
2018-04-03 00:00:00+00:00,10272.001723009902,10376.128396475253,10099.600547665916,10240.38910694612,36581772741.88623
2018-04-04 00:00:00+00:00,10221.008327075351,10345.588836674431,10080.716990032934,10178.69454778439,35466696678.222786
2018-04-05 00:00:00+00:00,10181.03768058973,10279.063737727398,9998.323610117031,10099.61357798775,38084560773.141304
2018-04-06 00:00:00+00:00,10049.733495249544,10203.67863022803,9927.34443473536,10084.4191296413,31331149810.565292
2018-04-07 00:00:00+00:00,10127.135582167992,10298.18532758903,10016.876424833374,10193.103216328882,38032132831.17193
2018-04-08 00:00:00+00:00,10220.346051180455,10277.095371810405,10019.18372849308,10173.511376996625,40305517800.365
2018-04-09 00:00:00+00:00,10186.186711387594,10210.246907205272,9946.243572772264,10109.165025068132,44812891171.018326
2018-04-10 00:00:00+00:00,10115.551866024294,10198.599167777737,9846.2262914399,9929.53637379515,43198940979.038506
2018-04-11 00:00:00+00:00,9938.3944087585,10082.189212578693,9859.37784740984,9946.918419939995,28774681540.480797
2018-04-12 00:00:00+00:00,9932.821883219312,10054.84009117866,9794.135725938391,9916.86155345912,32586968763.08061
2018-04-13 00:00:00+00:00,9903.238389203018,10001.373800111149,9765.858021616945,9924.409574628937,41321678721.48031
2018-04-14 00:00:00+00:00,9908.645006319131,10021.741850854063,9797.248889128432,9883.117163396675,36582139963.211174
2018-04-15 00:00:00+00:00,9884.317235457356,9985.120971405351,9734.402426043978,9836.1031467211,37941731653.884094
2018-04-16 00:00:00+00:00,9832.593774653564,10002.226665007463,9759.026472817224,9839.032849109168,32813877637.988907
2018-04-17 00:00:00+00:00,9856.974085591324,9953.067679116495,9705.51098368885,9774.188026088414,45031847315.41844
2018-04-18 00:00:00+00:00,9791.62053502121,9909.21131252149,9680.492399219283,9808.357113744449,38531451892.57939
2018-04-19 00:00:00+00:00,9804.489102430442,9861.211605014882,9648.419510934948,9712.856069296022,34623097548.60586
2018-04-20 00:00:00+00:00,9702.087120705137,9955.159775269594,9604.659944258863,9788.964877158243,31113693965.81772
2018-04-21 00:00:00+00:00,9812.169985619275,9852.5314987381,9642.003682115192,9727.268652737212,36580372467.01003
2018-04-22 00:00:00+00:00,9717.846865496227,9821.129727366648,9549.915039344727,9639.126197836908,32840948841.346455
2018-04-23 00:00:00+00:00,9646.709672972049,9821.960780058527,9534.867813610406,9736.286066406088,26418978359.158268
2018-04-24 00:00:00+00:00,9744.522355090608,9860.561587450777,9618.269305728678,9794.128212637434,35171374927.04986
2018-04-25 00:00:00+00:00,9809.936986422324,9909.485648664142,9629.479929228848,9777.890923174376,34388700891.09644
2018-04-26 00:00:00+00:00,9782.897458319576,9877.53935067114,9642.890328822094,9690.324428151183,30874012298.02456
2018-04-27 00:00:00+00:00,9686.5162643675,9771.825615025306,9489.242269466558,9574.248941703703,30395713938.935318
2018-04-28 00:00:00+00:00,9589.767185451374,9686.804001859162,9464.68328609497,9572.627388718163,37269513812.31961
2018-04-29 00:00:00+00:00,9612.108133874332,9750.21006986158,9478.749602896962,9560.837036895497,34541303081.05598
2018-04-30 00:00:00+00:00,9544.413771200218,9642.907601048591,9377.86507262595,9466.0082337168,30979260582.050102
2018-05-01 00:00:00+00:00,9425.28513768767,9508.47462629307,9259.021976264952,9379.674541514378,32785051919.65014
2018-05-02 00:00:00+00:00,9347.873482190624,9544.866445931497,9242.178495342663,9379.656222025307,30979922256.25631
2018-05-03 00:00:00+00:00,9401.30769133558,9550.418877691092,9278.148125033184,9344.968571597572,24961658613.078686
2018-05-04 00:00:00+00:00,9358.06340359068,9478.628503491234,9210.813375873431,9303.849252458216,45168876103.28138
2018-05-05 00:00:00+00:00,9312.232045218583,9391.28649748662,9176.884883344876,9302.075551953085,32409620103.09167
2018-05-06 00:00:00+00:00,9292.480108309355,9395.515071168624,9099.022378884065,9195.03512413113,35507812957.33095
2018-05-07 00:00:00+00:00,9163.10203271061,9240.332907375812,8982.621169378444,9084.35302847288,43214260643.99765
2018-05-08 00:00:00+00:00,9092.41623952252,9160.41365210892,8932.19360638855,9036.372181819488,29518704560.464237
2018-05-09 00:00:00+00:00,9054.251481908865,9197.407948731034,8946.34441029923,9022.05795438705,40692479905.38139
2018-05-10 00:00:00+00:00,9031.427078438655,9119.445948130544,8878.598847909056,9009.475153385229,36350355130.05619
2018-05-11 00:00:00+00:00,9006.910448108554,9072.449515582182,8856.944386509069,8944.456183183056,31212106324.573112
2018-05-12 00:00:00+00:00,8961.72668357779,9009.080047276688,8699.994240700002,8794.289629503366,38693191002.103065
2018-05-13 00:00:00+00:00,8790.850723370313,8896.636481563386,8594.258692573749,8760.461705872216,40429832641.68654
2018-05-14 00:00:00+00:00,8777.810895134153,8849.355505857184,8631.180737712477,8781.077265284526,40180061402.17008
2018-05-15 00:00:00+00:00,8751.933777314922,8834.636504703236,8667.650215259824,8728.846035998124,42757924865.82133
2018-05-16 00:00:00+00:00,8726.876667848706,8836.085407621335,8647.723331452318,8754.92175386102,42740364649.74866
2018-05-17 00:00:00+00:00,8774.316611474971,8886.593522377281,8677.791507245858,8750.123420993457,35141698810.156105
2018-05-18 00:00:00+00:00,8745.737415458834,8817.072316150492,8588.898722385995,8727.191427025884,36471498862.408615
2018-05-19 00:00:00+00:00,8749.231059062467,8827.261908777762,8633.45995409543,8738.127458435883,29944550158.755737
2018-05-20 00:00:00+00:00,8724.822455488422,8822.888022496976,8601.982655701153,8711.736966910947,42045645613.49483
2018-05-21 00:00:00+00:00,8691.712829499045,8760.317392904557,8511.40036686446,8657.196962657274,37832659109.55086
2018-05-22 00:00:00+00:00,8659.88132267266,8759.936664252687,8556.114543006852,8654.818277757355,37765535663.571396
2018-05-23 00:00:00+00:00,8668.950800760562,8778.297939786496,8491.487799514134,8675.156634715599,42568955321.67545
2018-05-24 00:00:00+00:00,8700.956523855315,8798.826086849509,8565.89138744833,8620.264520274757,38631524365.96132
2018-05-25 00:00:00+00:00,8625.039340224463,8748.850789391228,8505.472989231532,8596.605317138466,34858007147.821785
2018-05-26 00:00:00+00:00,8585.407174968786,8681.010907835584,8464.609369062273,8538.178295051457,35382238917.1101
2018-05-27 00:00:00+00:00,8540.542938727702,8654.65285429005,8390.25210357087,8476.089594975345,36221793147.46761
2018-05-28 00:00:00+00:00,8439.62997782726,8617.76603021412,8375.819285068244,8499.02043534049,44036941332.68449
2018-05-29 00:00:00+00:00,8504.95384632074,8556.874588744202,8412.794307959935,8498.950014003332,35702704111.655655
2018-05-30 00:00:00+00:00,8490.913119145442,8579.149856104013,8370.12056845692,8510.89242999287,28092124513.95283
2018-05-31 00:00:00+00:00,8496.31817933566,8594.7437588454,8391.450428613629,8465.549804853748,35488475471.9718
2018-06-01 00:00:00+00:00,8491.605327451734,8523.367514410833,8320.793312298869,8403.369447850866,35221873069.73713
2018-06-02 00:00:00+00:00,8420.235108648283,8581.47344013628,8281.48275830765,8417.299728489075,29231446680.084496
2018-06-03 00:00:00+00:00,8400.293023906825,8543.115935209225,8317.034048460688,8468.827958140346,29220494450.608437
2018-06-04 00:00:00+00:00,8462.487310346885,8566.280221227355,8355.400024376759,8480.940628757491,35289901410.59168
2018-06-05 00:00:00+00:00,8475.042972399473,8599.195428835146,8321.05099186558,8382.235146256491,42190712159.86689
2018-06-06 00:00:00+00:00,8381.66624553658,8435.285985966906,8268.484889680896,8328.928770077699,40179790169.06536
2018-06-07 00:00:00+00:00,8320.306238971503,8400.191294731232,8140.455327203276,8203.17616753528,33372995603.144413
2018-06-08 00:00:00+00:00,8191.114089537793,8267.312539213826,8016.752509378366,8060.593618684815,25741008806.33195
2018-06-09 00:00:00+00:00,8065.676971854764,8128.945145369162,7906.603275856174,8002.637975177916,34804174070.94248
2018-06-10 00:00:00+00:00,7992.147932261656,8069.092125130822,7895.3830319568,7935.354042174191,29432889241.493004
2018-06-11 00:00:00+00:00,7938.788678396813,8054.196064153269,7759.025745923114,7847.4657931988095,31701321603.21572
2018-06-12 00:00:00+00:00,7849.787444042028,7949.116271617329,7757.377840514877,7845.618922565775,35176122918.13155
2018-06-13 00:00:00+00:00,7854.5899476378545,7911.240774934871,7733.867118890832,7854.743060429241,35888554932.17539
2018-06-14 00:00:00+00:00,7860.44629612551,7913.705379450739,7748.177865791434,7820.042790384894,38644857797.317505
2018-06-15 00:00:00+00:00,7791.081142470246,7952.843760921844,7742.734098175268,7880.786443665448,32841468722.828026
2018-06-16 00:00:00+00:00,7879.274323770713,7947.632121613114,7676.089142749206,7737.3479037887,43837608961.86934
2018-06-17 00:00:00+00:00,7732.793633116471,7797.481550480823,7599.1834765510575,7671.473725392912,30958449588.570858
2018-06-18 00:00:00+00:00,7663.806602664224,7721.71791752546,7520.822068060838,7631.594519086375,41525859906.63552
2018-06-19 00:00:00+00:00,7647.116106160148,7752.040398970164,7499.936714456633,7571.770740856144,30341805176.865547
2018-06-20 00:00:00+00:00,7575.8191436337775,7675.066622134389,7511.393229130172,7570.748168810497,36986538955.43865
2018-06-21 00:00:00+00:00,7568.452501315054,7662.25862787421,7473.607736910822,7539.074575585169,29638482403.33178
2018-06-22 00:00:00+00:00,7534.5909584466945,7655.634034161523,7449.483865859475,7542.797297421747,37756242554.83589
2018-06-23 00:00:00+00:00,7545.157573836435,7595.420453668004,7414.194949370223,7472.581224109357,31544298433.511524
2018-06-24 00:00:00+00:00,7473.993830042839,7548.6618349546015,7315.814525098612,7395.364651664262,29763653607.50081
2018-06-25 00:00:00+00:00,7371.219539630001,7476.904402733114,7229.867456221074,7278.581253104452,37143486602.21207
2018-06-26 00:00:00+00:00,7286.817935221473,7391.332867850914,7155.085218795954,7261.675820759227,39921456309.19177
2018-06-27 00:00:00+00:00,7266.283241923928,7342.599842322619,7146.117940459228,7241.960071054205,34281203961.07047
2018-06-28 00:00:00+00:00,7218.512843517252,7285.957937837938,7091.819163348407,7180.376112598599,37889852061.55737
2018-06-29 00:00:00+00:00,7184.409928619444,7296.90229700798,7007.327635472198,7075.8128157952015,39262719518.93485
2018-06-30 00:00:00+00:00,7085.698224542096,7122.917714886804,6977.741362954834,7072.947726983207,38637549229.22789
2018-07-01 00:00:00+00:00,7068.478605171946,7124.341067638921,6923.189152553972,7015.225182241246,37981196845.21961
2018-07-02 00:00:00+00:00,6991.330156144338,7043.442281403937,6892.20177605666,6954.313430161249,33890979874.128235
2018-07-03 00:00:00+00:00,6962.465502124736,7009.662870387554,6869.849082657608,6917.006692759971,34334978715.198807
2018-07-04 00:00:00+00:00,6911.019945856865,6972.502843027137,6777.526886054029,6824.00216126302,37654927637.75954
2018-07-05 00:00:00+00:00,6812.688418782544,6869.762896946048,6710.312349853477,6818.02695593605,39689523090.43811
2018-07-06 00:00:00+00:00,6797.803454607824,6903.194592015856,6756.951204699116,6807.392345690531,32016296511.529373
2018-07-07 00:00:00+00:00,6818.158786571162,6867.079343867719,6686.419547308121,6753.23993968077,38878053594.58628
2018-07-08 00:00:00+00:00,6745.229197401391,6815.376604729148,6656.947295376744,6742.096398922214,34769743977.641335
2018-07-09 00:00:00+00:00,6743.792369737311,6795.364133079793,6632.232785528343,6724.934336229033,33115662724.376278
2018-07-10 00:00:00+00:00,6711.431207932635,6796.089068853262,6636.335810805597,6703.54412896383,33694008125.861782
2018-07-11 00:00:00+00:00,6695.214734741673,6785.272122914991,6636.307250735204,6715.246253753661,35406780295.56617
2018-07-12 00:00:00+00:00,6721.773681316546,6783.510447055682,6604.269581152305,6669.653923808272,37205199696.16875
2018-07-13 00:00:00+00:00,6660.234040092405,6732.017353432876,6527.971359317374,6619.074288363458,37797389107.782425
2018-07-14 00:00:00+00:00,6615.927676973065,6674.176349301398,6528.206494115381,6596.076076164927,35467517851.233604
2018-07-15 00:00:00+00:00,6587.012311862919,6667.046133736743,6461.816787007267,6549.447251575745,32938859688.935146
2018-07-16 00:00:00+00:00,6558.288727902939,6667.553541962614,6515.923032371841,6564.760879469393,31786382261.86621
2018-07-17 00:00:00+00:00,6576.071396227026,6633.440006983924,6491.929824503538,6551.063785448958,32961403359.505035
2018-07-18 00:00:00+00:00,6546.599932648478,6614.562595341536,6451.215480121011,6505.463379527875,34956642398.942566
2018-07-19 00:00:00+00:00,6500.311233883681,6560.648174585284,6355.215578766218,6403.583070696408,33413661853.899067
2018-07-20 00:00:00+00:00,6416.483028005083,6462.33100991131,6306.777369562717,6345.312781431059,29194278234.851856
2018-07-21 00:00:00+00:00,6333.63110099665,6404.8607333296295,6246.733551395751,6307.388567531231,31013832507.41371
2018-07-22 00:00:00+00:00,6297.437871677978,6427.275477918994,6207.490096935253,6323.746222097997,32782308650.384983
2018-07-23 00:00:00+00:00,6312.777954147088,6370.985269088387,6240.397733743148,6273.941855463188,40372022175.10243
2018-07-24 00:00:00+00:00,6253.60196067688,6335.795215308952,6151.629213002268,6242.542777004322,37720495675.481476
2018-07-25 00:00:00+00:00,6251.589290311365,6324.1061873423,6181.436728926415,6253.972872319641,40183565471.43182
2018-07-26 00:00:00+00:00,6250.004916645418,6326.087033743935,6166.42109941724,6248.572727668866,38802183993.10045
2018-07-27 00:00:00+00:00,6241.523378410402,6350.986624371727,6128.622906231352,6219.321603619682,36853490688.49856
2018-07-28 00:00:00+00:00,6213.339543750867,6307.933816549622,6113.133688891564,6212.93853113961,31298126367.465088
2018-07-29 00:00:00+00:00,6214.456645161223,6295.779299827188,6130.043270408839,6243.332105230918,30380943730.346645
2018-07-30 00:00:00+00:00,6232.946223006778,6266.133814851305,6155.099956457959,6192.970356228915,32672762098.068394
2018-07-31 00:00:00+00:00,6193.768407739392,6274.575343705765,6122.645437620094,6207.318337857432,32353011846.095314
2018-08-01 00:00:00+00:00,6214.251600752605,6237.719669079196,6101.501292670234,6170.919264227738,33076149702.508213
2018-08-02 00:00:00+00:00,6172.837479405618,6218.861701832592,6086.452266756582,6129.390003546152,31931678085.491806
2018-08-03 00:00:00+00:00,6124.417484696161,6227.07806106238,6063.34650357689,6136.194729147999,35058492937.960205
2018-08-04 00:00:00+00:00,6130.92119244379,6213.084726320865,6028.666077924209,6068.46344379634,38231226569.136116
2018-08-05 00:00:00+00:00,6073.857544141352,6114.938709027852,5972.7683117829565,6055.75093298005,33087656277.75535
2018-08-06 00:00:00+00:00,6039.014471559683,6138.994903489585,5968.548402791335,6058.58547100737,36006364454.92742
2018-08-07 00:00:00+00:00,6056.031345439803,6131.4116160350695,5981.840669352231,6013.19386896288,33628869464.699448
2018-08-08 00:00:00+00:00,6002.45661524565,6072.037974064099,5951.670459152511,5997.582350592224,35637117347.83844
2018-08-09 00:00:00+00:00,5995.118324621333,6085.023436504946,5928.422982793527,6032.944968149213,36438246770.11486
2018-08-10 00:00:00+00:00,6018.0136905211,6075.892967925146,5906.84313422175,5983.400532677624,33997182558.235466
2018-08-11 00:00:00+00:00,6001.2293178006,6035.176950955766,5802.700806811853,5906.081992908229,35500529986.70965
2018-08-12 00:00:00+00:00,5901.1245452436415,5940.825477224981,5782.553174870901,5842.514788181702,34138244949.557358
2018-08-13 00:00:00+00:00,5852.679454269753,5892.617113831922,5752.53437784876,5786.525323930279,34950414731.92658
2018-08-14 00:00:00+00:00,5772.457261951378,5825.946167045909,5682.952798426072,5716.608986302117,33881296750.048077
2018-08-15 00:00:00+00:00,5722.971230196198,5757.685283806335,5593.394935027673,5675.325020499792,30187742014.435337
2018-08-16 00:00:00+00:00,5677.206443203096,5725.821927822072,5603.180082181745,5657.114349671743,33033252938.62798
2018-08-17 00:00:00+00:00,5652.199251906162,5724.560115552538,5604.953479939311,5653.9662078548645,37277670192.69801
2018-08-18 00:00:00+00:00,5652.188253950199,5679.61659966337,5554.572505991886,5597.117369834,43647283925.709915
2018-08-19 00:00:00+00:00,5578.756288313776,5670.449124289138,5503.743535398309,5611.371602304178,32290018817.70644
2018-08-20 00:00:00+00:00,5612.320873085635,5663.398673379773,5545.95282146886,5611.247849287562,36753366999.99257
2018-08-21 00:00:00+00:00,5607.220371463115,5651.773875060452,5512.884701068799,5572.169380318946,35591534836.030754
2018-08-22 00:00:00+00:00,5563.685522877507,5642.162181565203,5455.55430838972,5554.342127737444,33776570571.25633
2018-08-23 00:00:00+00:00,5558.919871277015,5605.95935249729,5487.083215741727,5540.172551403966,38339613508.26283
2018-08-24 00:00:00+00:00,5538.793538932377,5604.996174908145,5457.771727772226,5517.398093632002,31224610956.755123
2018-08-25 00:00:00+00:00,5516.48115515444,5550.513343282844,5451.967341685372,5499.129269129487,36273083528.065186
2018-08-26 00:00:00+00:00,5484.370373862631,5538.223358028704,5373.119114339492,5451.473361179627,31382454937.73174
2018-08-27 00:00:00+00:00,5466.965499803249,5506.751218179475,5348.051399008183,5403.033853484203,32109138976.380795
2018-08-28 00:00:00+00:00,5403.465311754258,5491.307633258221,5301.992820197386,5350.125449948317,33728264132.6523
2018-08-29 00:00:00+00:00,5356.323853078997,5399.232049615357,5244.828023501972,5324.290407580244,33488668662.305737
2018-08-30 00:00:00+00:00,5314.124930058864,5369.721751438456,5264.2090264141725,5298.901328741899,26996324858.23717
2018-08-31 00:00:00+00:00,5313.384589268585,5405.311038789051,5219.067167035439,5275.931695719948,38065505611.5447
2018-09-01 00:00:00+00:00,5272.972529947924,5326.682181861926,5147.052462790036,5186.9075740401,38190967157.258514
2018-09-02 00:00:00+00:00,5179.476411601294,5224.260348837266,5032.117481428974,5104.682096762094,37552798608.09591
2018-09-03 00:00:00+00:00,5094.432591426932,5137.984557256648,5000.908264204626,5033.393793142941,40353997519.68852
2018-09-04 00:00:00+00:00,5019.6513257849465,5057.8767516404205,4942.544332306374,4990.049513005772,36923563615.40537
2018-09-05 00:00:00+00:00,5003.005870669424,5058.465787388695,4924.723147765795,4968.837346417689,40983953745.97101
2018-09-06 00:00:00+00:00,4966.069659821135,5048.204267534763,4919.175359500059,4989.011222186732,35484240241.43611
2018-09-07 00:00:00+00:00,4993.416516711046,5095.793683408007,4944.706587104422,5013.959865125491,33490446320.798183
2018-09-08 00:00:00+00:00,5006.676579677374,5057.5848631278295,4934.733805701645,5013.008817395186,33937487384.837948
2018-09-09 00:00:00+00:00,5010.565591642849,5076.116790755829,4911.623168831729,4988.483189211421,28169897358.05011
2018-09-10 00:00:00+00:00,4975.890411937318,5086.000660456481,4951.748540732443,5028.202712363272,35780718339.77754
2018-09-11 00:00:00+00:00,5036.159086030168,5084.9821849352775,4963.728911222362,5016.720138625556,47112732442.12379
2018-09-12 00:00:00+00:00,4998.760549161783,5055.496661397203,4942.524828933379,4979.95892365364,31537253668.89946
2018-09-13 00:00:00+00:00,4982.527331408356,5017.962646627337,4932.369543801051,4972.253180983149,34183890578.317078
2018-09-14 00:00:00+00:00,4966.567667951142,5025.198258105922,4891.836600241007,4935.917549172472,28823323231.77643
2018-09-15 00:00:00+00:00,4921.200644424001,4973.3267008788,4854.638862146132,4928.817915430569,35304131071.93666
2018-09-16 00:00:00+00:00,4922.103520692052,4980.976674427653,4834.275997463758,4870.646055544828,41667606580.25669
2018-09-17 00:00:00+00:00,4868.185814531187,4929.665355665536,4784.835182908488,4848.028350711757,36929259999.355484
2018-09-18 00:00:00+00:00,4849.973291937984,4904.411468991613,4787.794804243278,4840.899199979268,36276189186.56636
2018-09-19 00:00:00+00:00,4833.986588305653,4893.230011609694,4787.726405694813,4829.180755913889,33687112087.173378
2018-09-20 00:00:00+00:00,4835.7866569847765,4871.011819213389,4762.9478842509525,4812.133836288605,34021026926.47684
2018-09-21 00:00:00+00:00,4799.121711774251,4870.125496830301,4773.571743395434,4822.340642848836,33294531932.746624
2018-09-22 00:00:00+00:00,4820.420518461331,4873.2203694791015,4742.23022077619,4766.927569207105,36772938503.49669
2018-09-23 00:00:00+00:00,4767.679933328302,4869.913738389818,4718.554426717022,4783.918177171418,41056603519.03157
2018-09-24 00:00:00+00:00,4781.442161404089,4836.761766825891,4664.184112648664,4750.787702752532,40178380823.80299
2018-09-25 00:00:00+00:00,4752.543920453431,4804.884562252042,4677.810066694186,4712.767825677589,35837462607.86989
2018-09-26 00:00:00+00:00,4709.852891668101,4746.207432271626,4576.381510383892,4618.635912815779,39467780905.30542
2018-09-27 00:00:00+00:00,4609.2499755367535,4662.758410493875,4518.676232978985,4559.010618519813,35383707964.551704
2018-09-28 00:00:00+00:00,4565.344473401746,4620.740220508055,4509.706594689215,4551.561026765128,37177276171.85396
2018-09-29 00:00:00+00:00,4552.32015689382,4618.364410475702,4512.745011534799,4557.486551301521,36013502062.48453
2018-09-30 00:00:00+00:00,4563.647754118588,4604.086868504892,4477.160555710827,4519.866176299626,37048486042.10013
2018-10-01 00:00:00+00:00,4517.687268800128,4587.338942185977,4457.715160205962,4548.691209224539,34152863645.99921
2018-10-02 00:00:00+00:00,4544.860379458806,4573.195663109259,4470.014798861305,4503.932655595993,39928249610.599304
2018-10-03 00:00:00+00:00,4487.491226067301,4528.858699007947,4436.098015894118,4488.516551857842,34964809044.91381
2018-10-04 00:00:00+00:00,4483.086765921621,4534.481003800989,4388.052793460586,4436.233208721116,33742911210.129707
2018-10-05 00:00:00+00:00,4437.434021210256,4507.145241347973,4367.46359414266,4410.332165980102,42689234960.2964
2018-10-06 00:00:00+00:00,4410.252711646112,4486.689872999203,4350.600678777535,4375.815799572471,39230581987.9105
2018-10-07 00:00:00+00:00,4380.162657120368,4438.110336433355,4294.905526039744,4376.736977843653,34436127057.07164
2018-10-08 00:00:00+00:00,4369.2143711781,4444.256470538129,4325.266491779851,4354.123077414337,42836780379.961845
2018-10-09 00:00:00+00:00,4348.596363342156,4406.25869395822,4248.211510353335,4332.894063749705,30388049469.22714
2018-10-10 00:00:00+00:00,4343.778582674575,4395.633189431651,4263.11856296407,4313.114882860734,37359374378.163925
2018-10-11 00:00:00+00:00,4315.048959921394,4368.257006101066,4236.74536397504,4267.655438836812,35950575481.86701
2018-10-12 00:00:00+00:00,4263.374790473748,4324.082766594119,4197.156045480565,4217.244221868019,44208705071.8913
2018-10-13 00:00:00+00:00,4214.746025857551,4276.270366247581,4164.475540920125,4234.384736912533,35276570475.01895
2018-10-14 00:00:00+00:00,4232.852859001639,4304.165578760593,4134.83520280587,4182.698108154113,37563218967.67887
2018-10-15 00:00:00+00:00,4179.494502739268,4216.736473580431,4094.3370861453927,4141.637204330049,33879081271.90871
2018-10-16 00:00:00+00:00,4133.444391195493,4196.496302430054,4086.2091622848993,4119.519405926784,36822925085.56308
2018-10-17 00:00:00+00:00,4127.377797447436,4171.87014444781,4062.173521640229,4105.6655078044505,40249866220.71799
2018-10-18 00:00:00+00:00,4107.028675964747,4166.483213236226,4074.59744920466,4119.072224973548,32338821290.357357
2018-10-19 00:00:00+00:00,4104.478655034857,4161.193485863575,4071.566870115249,4134.193347510241,41032057627.65987
2018-10-20 00:00:00+00:00,4143.171180196484,4198.203774167614,4104.829719733918,4134.720953339213,33972874410.196392
2018-10-21 00:00:00+00:00,4132.586121238198,4178.514068006072,4065.4376794846967,4092.4502138942016,39589498544.06585
2018-10-22 00:00:00+00:00,4079.964747208255,4145.757929861838,4053.941770032529,4115.533989407284,31634059533.21907
2018-10-23 00:00:00+00:00,4122.035832555413,4153.378738972337,4049.134371407725,4081.89018004731,40109554126.36081
2018-10-24 00:00:00+00:00,4071.1820707369066,4131.23721877336,3998.423022782412,4044.711371453622,33271227797.921825
2018-10-25 00:00:00+00:00,4042.566022940732,4084.296081457936,3989.2811085182248,4019.8357145238674,31255150881.16276
2018-10-26 00:00:00+00:00,4011.180918031541,4055.9080015260784,3966.7244129409673,4000.459791649122,32581049904.05631
2018-10-27 00:00:00+00:00,4001.2639856058654,4032.136201493117,3938.521656535485,3985.3545439697664,35055209910.80285
2018-10-28 00:00:00+00:00,3982.775867321582,4035.999490409005,3928.1241067008023,3974.798072433493,33371845864.300903
2018-10-29 00:00:00+00:00,3977.8350090287,4010.384231848419,3914.8154696940064,3952.847592596543,40091121186.08313
2018-10-30 00:00:00+00:00,3944.473729022018,4010.650127649871,3873.643711014021,3962.928803590283,32389655094.119904
2018-10-31 00:00:00+00:00,3969.970937822861,4007.9611374950096,3929.286259285968,3952.6956801910974,34285127391.472202
2018-11-01 00:00:00+00:00,3949.9694269160727,3963.550829640657,3868.201166744621,3895.160795979733,35850657818.28578
2018-11-02 00:00:00+00:00,3893.824630527981,3975.83424887694,3849.9448340587646,3922.6194560372983,41767849590.97177
2018-11-03 00:00:00+00:00,3922.754203033709,3972.7456589623134,3846.258340008093,3923.9742087901504,38039285924.71784
2018-11-04 00:00:00+00:00,3916.8637784966863,3969.181993900932,3876.909176471204,3925.827020192336,36104837742.42509
2018-11-05 00:00:00+00:00,3923.605573432663,3961.416440449208,3867.1279020490097,3919.6416009558266,30669776692.868443
2018-11-06 00:00:00+00:00,3924.9138383557856,3937.5717955992895,3834.203466437481,3863.0809253473976,36851702535.396194
2018-11-07 00:00:00+00:00,3868.710536978884,3926.531391259111,3807.1898596359415,3843.9336578665934,37445633973.74962
2018-11-08 00:00:00+00:00,3843.172545318386,3885.899940140712,3798.782211016852,3841.044675021775,38997828680.89534
2018-11-09 00:00:00+00:00,3841.9664541428137,3864.2478857825263,3769.280146945175,3820.175651874241,35145629981.20296
2018-11-10 00:00:00+00:00,3813.581297311219,3854.310385898938,3759.489020027213,3781.743697318249,36395787280.74654
2018-11-11 00:00:00+00:00,3786.525133864564,3816.274819756704,3724.02558702675,3781.1032132820874,36870458744.320854
2018-11-12 00:00:00+00:00,3769.969305435458,3809.796162145915,3686.767038993462,3735.6167159036,46965970107.19478
2018-11-13 00:00:00+00:00,3741.936835189049,3768.2401620369287,3675.3170451391175,3700.853580952983,32808475942.310425
2018-11-14 00:00:00+00:00,3699.099895862261,3722.9487430913114,3638.8211173828727,3675.7546231791184,37371705907.02914
2018-11-15 00:00:00+00:00,3684.0244044840647,3723.074994016136,3607.4510314140175,3657.51933161428,39379006746.702896
2018-11-16 00:00:00+00:00,3650.021417317569,3707.336805043756,3574.650337728727,3610.1781344638775,38176297422.43874
2018-11-17 00:00:00+00:00,3614.466337405496,3656.001916834052,3574.9368276699674,3626.930178302349,38025349896.737885
2018-11-18 00:00:00+00:00,3623.843275474463,3650.0486711892654,3553.4743944115726,3601.7507243970613,31927528386.072876
2018-11-19 00:00:00+00:00,3607.044210367015,3658.877542490108,3572.884820020511,3626.808407821501,39764934977.64549
2018-11-20 00:00:00+00:00,3624.741805226012,3673.2307669338857,3587.216588776031,3644.683406014714,36797221691.82734
2018-11-21 00:00:00+00:00,3649.220725172114,3685.28111003778,3601.141921004168,3625.8686589285935,31800184387.219707
2018-11-22 00:00:00+00:00,3620.735157722997,3650.342178949552,3580.7068749231826,3607.233939492122,33000890088.095238
2018-11-23 00:00:00+00:00,3601.5439614814145,3645.558776782533,3568.7042910876758,3606.297495787102,28565837380.520058
2018-11-24 00:00:00+00:00,3596.859128776576,3628.191926754922,3538.109425069041,3587.834355792072,31386797211.51158
2018-11-25 00:00:00+00:00,3599.8461492994743,3647.088221955001,3548.2366872761904,3577.230988486688,41698652488.11305
2018-11-26 00:00:00+00:00,3584.320957836175,3601.618203966161,3514.2991328827484,3555.909255536488,31826056763.95626
2018-11-27 00:00:00+00:00,3560.574170817244,3598.215455149212,3521.019769993913,3556.415637139438,33553198807.600243
2018-11-28 00:00:00+00:00,3565.18318268335,3632.526883714722,3537.8235872566142,3571.045451521766,33645567075.89859
2018-11-29 00:00:00+00:00,3572.601690859576,3621.5081538788936,3524.755864097096,3566.2253272560893,33257497649.433464
2018-11-30 00:00:00+00:00,3568.761529243532,3635.8428432673713,3548.789569401116,3606.8762569334817,33198004232.658596
2018-12-01 00:00:00+00:00,3600.8355569789637,3642.1152936613335,3532.8135910043598,3599.806095848828,37601858681.569916
2018-12-02 00:00:00+00:00,3603.329098241452,3636.33850901784,3552.606768059828,3592.911435032468,38967152932.032425
2018-12-03 00:00:00+00:00,3592.070557565761,3650.595735392614,3553.86669863214,3610.91440304676,31690036709.81641
2018-12-04 00:00:00+00:00,3622.059386047319,3676.212383551369,3581.2459057468923,3611.636340572443,39214962957.604744
2018-12-05 00:00:00+00:00,3599.9897271558525,3644.051993165021,3552.2885880898784,3616.993535865965,36955111929.17501
2018-12-06 00:00:00+00:00,3618.1356590617847,3662.171301733528,3572.157915137854,3618.8194844793184,28782171610.68598
2018-12-07 00:00:00+00:00,3621.903122765256,3707.425343852204,3598.258609453938,3667.746494550703,37255447543.72204
2018-12-08 00:00:00+00:00,3666.771354779897,3745.943679578366,3631.816430300684,3698.475161489199,36102216471.789444
2018-12-09 00:00:00+00:00,3693.439034673829,3743.523206219031,3663.533704849037,3709.107187649237,38910774746.062515
2018-12-10 00:00:00+00:00,3707.5820759360295,3767.467639095381,3675.642320509576,3730.763504745367,41113768173.538704
2018-12-11 00:00:00+00:00,3725.94842450531,3792.274930755811,3687.803179331745,3758.5170846928977,35210671923.31298
2018-12-12 00:00:00+00:00,3761.566612936984,3839.634162442869,3725.6322926786415,3812.462365257911,45266479097.4766
2018-12-13 00:00:00+00:00,3814.2601099317008,3889.708189561732,3780.1951281538927,3860.223838630585,43465305948.52912
2018-12-14 00:00:00+00:00,3857.150288423784,3935.643173516162,3846.131585677383,3883.863215561163,37173464054.033394
2018-12-15 00:00:00+00:00,3897.181055734875,3948.3343853824576,3869.50387713268,3915.0926784468206,44717043505.56446
2018-12-16 00:00:00+00:00,3916.949285292675,3991.33409876732,3874.8377124653175,3950.967599263197,35383097162.92438
2018-12-17 00:00:00+00:00,3952.7262554218887,4026.581792027816,3911.705908960776,3969.502436801894,29600520975.821087
2018-12-18 00:00:00+00:00,3966.919558668793,4028.876073248962,3933.734888832256,3990.304288697099,38057671929.980446
2018-12-19 00:00:00+00:00,3990.524459824205,4033.7817643368094,3935.1388600373225,3999.2632882216426,34018941165.403667
2018-12-20 00:00:00+00:00,4009.5351602223855,4047.362601551671,3958.436277497401,4022.100270886064,36510865212.9703
2018-12-21 00:00:00+00:00,4024.9005643541473,4118.6857370168245,3995.001784395931,4073.070253120192,39431228335.72272
2018-12-22 00:00:00+00:00,4078.753934398148,4146.367145814775,4036.998900177524,4090.8033745313114,38217562232.899506
2018-12-23 00:00:00+00:00,4098.194303824111,4192.29064897579,4065.232919011725,4144.413319069922,34773717468.627266
2018-12-24 00:00:00+00:00,4144.721904746804,4191.760032894164,4112.462522182451,4143.842201083517,35917002796.34486
2018-12-25 00:00:00+00:00,4143.594749280172,4226.413168707618,4097.303243564885,4176.220600228394,35420807125.03797
2018-12-26 00:00:00+00:00,4174.850390530048,4265.391578352511,4137.785008532118,4216.849249255593,37523788502.757866
2018-12-27 00:00:00+00:00,4221.855141623918,4280.763852249431,4173.350138845771,4249.957529189478,34956622956.66942
2018-12-28 00:00:00+00:00,4256.280112570192,4329.134499773924,4213.983992821749,4294.772771588135,37762092378.78342
2018-12-29 00:00:00+00:00,4303.462569529791,4394.658006054966,4266.510132308072,4358.921928271617,42902384064.38378
2018-12-30 00:00:00+00:00,4350.0003901632135,4436.497135928482,4337.373539707018,4387.702091040053,27377383432.8498
2018-12-31 00:00:00+00:00,4398.849421247174,4469.176330069723,4356.285667144601,4436.416620242929,34033241691.471992
2019-01-01 00:00:00+00:00,4451.342860256772,4564.30294216136,4397.490407969466,4482.960080626525,29993275685.57867
2019-01-02 00:00:00+00:00,4476.367247125052,4536.102070601562,4426.380806025555,4471.4794967744665,36464528035.88039
2019-01-03 00:00:00+00:00,4482.316660631148,4568.76830749269,4440.143349125696,4508.485036662213,31610494131.88614
2019-01-04 00:00:00+00:00,4511.1223485440405,4569.511654518587,4472.428937059661,4520.08758423646,33209630839.695194
2019-01-05 00:00:00+00:00,4518.337197151132,4577.267307692042,4463.48036677806,4507.988576133683,40819344086.294334
2019-01-06 00:00:00+00:00,4499.430694324421,4564.991366241182,4468.598147353352,4529.93604502144,34845854338.5256
2019-01-07 00:00:00+00:00,4526.6744047423335,4602.087117231383,4494.220064624292,4540.559990085822,30122915356.301994
2019-01-08 00:00:00+00:00,4543.41989325968,4602.602898623694,4503.2245401279615,4580.667860099422,30081454306.022453
2019-01-09 00:00:00+00:00,4573.9377842516815,4638.371422381159,4548.662069463448,4616.107193413545,30072089644.359924
2019-01-10 00:00:00+00:00,4614.869134002839,4731.467791999504,4575.606386763393,4683.180218629166,30776858272.163506
2019-01-11 00:00:00+00:00,4684.699367383997,4738.201642262738,4634.0713125769325,4690.497293830139,37357695824.822624
2019-01-12 00:00:00+00:00,4674.267351303619,4758.0176334213,4643.710400654999,4725.191925800384,32778514002.73546
2019-01-13 00:00:00+00:00,4725.874257985098,4774.938281522061,4678.411209026253,4745.180303429876,32224410429.03924
2019-01-14 00:00:00+00:00,4739.688191794488,4868.136231950957,4715.733281630486,4816.304573471578,31698834091.714363
2019-01-15 00:00:00+00:00,4802.230447966927,4959.743362431635,4773.889966579636,4902.3086538606685,34670131914.59101
2019-01-16 00:00:00+00:00,4894.694040306497,4984.819754650386,4829.466137794243,4940.794859444962,30933271499.236244
2019-01-17 00:00:00+00:00,4949.028206198726,5041.658208301332,4877.196464842437,4981.207312253596,31385888583.812782
2019-01-18 00:00:00+00:00,4986.769301289027,5051.384862692828,4930.103806678108,4986.879763588825,31909785227.957638
2019-01-19 00:00:00+00:00,4985.685159706669,5044.870314500025,4925.494238754574,4993.722743845396,33835604814.342457
2019-01-20 00:00:00+00:00,5003.61382710256,5046.776896928713,4900.031778269307,4978.123033033737,33394314045.19921
2019-01-21 00:00:00+00:00,4984.865554648359,5036.785017541496,4923.798166770777,4986.280043683691,40871571948.410736
2019-01-22 00:00:00+00:00,4979.616357949474,5043.761361141617,4944.749828361069,5003.739310893757,40033189633.008575
2019-01-23 00:00:00+00:00,5015.936639960177,5073.306268439604,4944.619096334328,5054.983105287469,36733197777.94667
2019-01-24 00:00:00+00:00,5063.703009642888,5131.497277957604,4989.630373527806,5059.294812110295,40472991796.24846
2019-01-25 00:00:00+00:00,5065.557025043328,5169.343870452866,5032.280330105062,5108.427105070491,31610388063.47653
2019-01-26 00:00:00+00:00,5120.754313566175,5204.315674816663,5057.21062333694,5119.138480948631,34473272381.08911
2019-01-27 00:00:00+00:00,5099.574947889845,5233.552643401416,5085.920607717483,5175.394310405097,36454819733.02641
2019-01-28 00:00:00+00:00,5167.618567283996,5262.980154992297,5098.727818941436,5209.63132792269,39019877995.663185
2019-01-29 00:00:00+00:00,5206.957165060211,5256.192641976304,5149.398614354927,5212.758680060761,36491549447.47337
2019-01-30 00:00:00+00:00,5219.2531426544965,5288.713984196093,5162.956723614653,5249.039731192812,32769792419.788597
2019-01-31 00:00:00+00:00,5250.465000403512,5353.462285185816,5184.404923022112,5290.659478797003,33036523025.197212
2019-02-01 00:00:00+00:00,5303.644289723503,5435.021132038244,5235.474333324935,5363.279385153886,37098988430.00564
2019-02-02 00:00:00+00:00,5367.606167911347,5460.311462583157,5313.309460995536,5390.948444570124,39041902171.48473
2019-02-03 00:00:00+00:00,5395.020351265754,5464.859468358996,5351.014763312842,5412.167544818864,32047919088.44965
2019-02-04 00:00:00+00:00,5397.859360935973,5495.762730578116,5352.019187862912,5428.952505447303,39608889335.75027
2019-02-05 00:00:00+00:00,5411.672959545199,5485.831924828642,5387.283903420776,5444.027069514827,41782220017.69678
2019-02-06 00:00:00+00:00,5434.524092037745,5558.747980028395,5390.627280554791,5482.4953992903465,34904637832.94353
2019-02-07 00:00:00+00:00,5485.107438669163,5607.715420835551,5451.659296443771,5555.819339375912,29932367057.83922
2019-02-08 00:00:00+00:00,5560.592328910898,5622.929137848532,5439.082590264591,5571.152341312394,36120022258.67943
2019-02-09 00:00:00+00:00,5572.533454263886,5653.183137007371,5530.246311313218,5595.12427674656,35942045682.05898
2019-02-10 00:00:00+00:00,5592.579448927794,5670.172438843763,5529.954031694348,5607.0657707435485,29754558227.411476
2019-02-11 00:00:00+00:00,5614.248798426759,5713.426890886449,5548.025838285267,5631.55248311864,37776842693.289505
2019-02-12 00:00:00+00:00,5639.30502901947,5697.584024220048,5554.371373832961,5639.446351983769,30431308524.967667
2019-02-13 00:00:00+00:00,5649.744856790889,5762.452558648949,5571.250997231931,5674.817317042063,32752326728.684612
2019-02-14 00:00:00+00:00,5678.706075669555,5757.107702069648,5603.665770365496,5681.75363992844,32978439889.181355
2019-02-15 00:00:00+00:00,5666.042049242017,5751.352082091957,5616.1997046331135,5710.182484447751,37233094354.69979
2019-02-16 00:00:00+00:00,5724.79187374169,5789.182733046989,5657.225912725728,5743.862340345214,28189066407.553246
2019-02-17 00:00:00+00:00,5745.114565429996,5882.736424769903,5705.9845702822295,5835.714077591685,36387277247.46843
2019-02-18 00:00:00+00:00,5840.956655031165,5925.961688144361,5775.135079969977,5860.553254666633,41224444767.02397
2019-02-19 00:00:00+00:00,5853.438237125376,5941.341002478664,5788.455381086202,5894.693789761172,33625013221.02142
2019-02-20 00:00:00+00:00,5892.496847994944,5992.165990607514,5829.543996550004,5926.021505400545,41676417663.34151
2019-02-21 00:00:00+00:00,5918.614975730764,5981.036082904835,5840.794987097263,5927.644938562875,30740523943.06603
2019-02-22 00:00:00+00:00,5930.273471317293,6072.90495478827,5854.952097571443,6016.750042921065,38288916342.44989
2019-02-23 00:00:00+00:00,6011.33057499017,6113.775566460288,5955.917602193408,6027.608101826412,34262610065.40389
2019-02-24 00:00:00+00:00,6021.097928398955,6110.848252556351,5954.558523349821,6041.263999315661,34489479379.537636
2019-02-25 00:00:00+00:00,6056.5815218080215,6134.162835371739,5998.683599586509,6064.60836583097,37238604877.54983
2019-02-26 00:00:00+00:00,6061.458931943437,6182.19330737312,5979.372194737907,6086.768309938281,34433965339.53217
2019-02-27 00:00:00+00:00,6093.776371068439,6150.709967836253,5955.613994338016,6036.379033752873,37664620308.774925
2019-02-28 00:00:00+00:00,6039.271564396414,6134.129370701632,5958.838327793117,6063.630195458798,38710445134.33026
2019-03-01 00:00:00+00:00,6057.98024456979,6179.6880641279295,5995.252205628826,6164.92843432071,27273887298.67007
2019-03-02 00:00:00+00:00,6177.240914234235,6250.102408987774,6104.747811243977,6192.638890666048,37679433181.789444
2019-03-03 00:00:00+00:00,6212.021215231252,6281.269371173987,6109.142879413561,6217.979171816817,41717825354.73266
2019-03-04 00:00:00+00:00,6227.872435774233,6338.224879334094,6170.504093790989,6264.877680527514,32210192967.971485
2019-03-05 00:00:00+00:00,6277.837505039185,6385.408042970473,6243.328930190041,6314.331054065339,30640528494.22729
2019-03-06 00:00:00+00:00,6297.506167850403,6446.880037539132,6280.801780161112,6394.037879995256,30536927882.70327
2019-03-07 00:00:00+00:00,6385.661082160686,6524.386221868263,6326.237623255946,6419.3481865888525,32766690196.941757
2019-03-08 00:00:00+00:00,6417.955474402218,6499.834308090294,6372.260859904042,6454.153172784544,36971086053.37387
2019-03-09 00:00:00+00:00,6440.4767292304605,6580.884651084583,6386.917129196664,6514.872789361857,29753514706.027397
2019-03-10 00:00:00+00:00,6523.082581824911,6684.658204032444,6433.429102550692,6556.680015885415,27464291014.370853
2019-03-11 00:00:00+00:00,6569.325368611881,6674.998149851216,6517.214256454758,6619.7819011912015,31003678572.305874
2019-03-12 00:00:00+00:00,6617.583610321661,6723.691307021586,6546.7460346709,6643.610607305201,31369543413.031696
2019-03-13 00:00:00+00:00,6640.674606627507,6756.481896775595,6576.690227282802,6715.894887711603,39811842026.4742
2019-03-14 00:00:00+00:00,6694.107315737643,6793.148528923298,6634.846546518674,6717.008247315039,29466564362.633583
2019-03-15 00:00:00+00:00,6722.709781054629,6835.826361081609,6630.947947049093,6727.877866867119,32015715773.67073
2019-03-16 00:00:00+00:00,6728.48703372674,6788.322453459222,6606.404513393795,6713.76547847336,48759181649.22112
2019-03-17 00:00:00+00:00,6716.691707686788,6837.466104760709,6676.839531183216,6740.700254415074,31202028095.49394
2019-03-18 00:00:00+00:00,6736.563198235938,6875.1318674299255,6676.702769779608,6774.109435361177,34843433348.07402
2019-03-19 00:00:00+00:00,6792.004126882294,6952.231442733616,6722.8240681901125,6893.753341579578,35842018755.87616
2019-03-20 00:00:00+00:00,6905.922737992735,6948.50288230505,6822.1066020785,6882.351710888148,31413865350.40993
2019-03-21 00:00:00+00:00,6897.9357187957485,6985.485426524643,6853.913354037577,6935.700751666051,38870457666.009384
2019-03-22 00:00:00+00:00,6941.44835737914,7018.375068720753,6844.461790849639,6978.157287494825,35724808019.9357
2019-03-23 00:00:00+00:00,6988.769741218466,7061.288322031446,6915.602886473339,6974.570516915687,42342766232.26773
2019-03-24 00:00:00+00:00,6960.82999941523,6994.980218220937,6818.311488867796,6913.950010116328,38587094731.78851
2019-03-25 00:00:00+00:00,6897.783536674083,7074.286691760248,6811.84191870697,7040.38227402285,38784964810.09613
2019-03-26 00:00:00+00:00,7022.611122072682,7120.98623409851,6942.690013881451,7047.420914824887,35564132665.345276
2019-03-27 00:00:00+00:00,7032.153807713088,7121.537419475794,6998.484264980643,7076.240996064354,34568025010.28554
2019-03-28 00:00:00+00:00,7056.52638435618,7172.329247382678,7000.517563058677,7089.852242139802,27433621409.35788
2019-03-29 00:00:00+00:00,7096.015472701983,7168.694094922905,6994.647221439682,7104.142346400468,27706777411.416534
2019-03-30 00:00:00+00:00,7121.173677652175,7200.196356873425,7032.711035972254,7159.733906845134,38882032180.85233
2019-03-31 00:00:00+00:00,7145.9080284468055,7225.092842795231,7021.108200578262,7096.889951770932,30644891928.584965
2019-04-01 00:00:00+00:00,7111.364503747075,7177.223484856475,6998.810202354655,7090.056661338243,30369155073.561264
2019-04-02 00:00:00+00:00,7100.804080614819,7222.611509452472,6991.060093176178,7115.04998395225,33524823482.317345
2019-04-03 00:00:00+00:00,7139.233196207314,7269.929315633517,7062.393631613216,7222.301853288655,35781730043.31185
2019-04-04 00:00:00+00:00,7210.666919575938,7328.718755610171,7160.597318738365,7272.35411334645,33630758691.819427
2019-04-05 00:00:00+00:00,7276.97672804768,7380.966330150884,7193.84630864665,7299.163130359538,35197581237.84377
2019-04-06 00:00:00+00:00,7303.764445762812,7426.175830363724,7250.360709733824,7335.544044694451,32447830791.705822
2019-04-07 00:00:00+00:00,7345.010932549849,7456.717675570548,7249.517202159512,7399.95356410864,37894254832.64146
2019-04-08 00:00:00+00:00,7371.447824095359,7480.324759176517,7332.778539462968,7399.534243351272,31486495449.028145
2019-04-09 00:00:00+00:00,7398.855816953671,7565.605237248183,7330.296499341794,7471.417829461207,40959121026.033424
2019-04-10 00:00:00+00:00,7462.161717270736,7578.760735268515,7362.507188706193,7485.840286983807,41465372894.89957
2019-04-11 00:00:00+00:00,7497.804399891612,7656.386207305518,7431.097811604193,7544.407973844517,38158402306.21003
2019-04-12 00:00:00+00:00,7542.527226382268,7634.67708854124,7446.073421261025,7575.299730739272,30357240148.461514
2019-04-13 00:00:00+00:00,7591.2199577216925,7729.580453039912,7478.586062496824,7679.477734188572,30484357964.103107
2019-04-14 00:00:00+00:00,7660.525124139972,7839.893129542719,7586.034374742559,7756.880317881677,27400029018.332535
2019-04-15 00:00:00+00:00,7741.889190734086,7899.420494148328,7659.520587196073,7829.543716540691,30026527953.63115
2019-04-16 00:00:00+00:00,7847.636685313852,7955.025393291917,7722.16037833303,7836.683090378772,32498102393.43575
2019-04-17 00:00:00+00:00,7828.5924915624755,7891.610343948359,7689.909835524581,7847.7570203497535,37993798401.35249
2019-04-18 00:00:00+00:00,7838.517658753692,7972.375013711769,7809.272332669787,7918.656706538562,31998954899.609844
2019-04-19 00:00:00+00:00,7945.987800268767,8073.892870203556,7876.82568405126,7981.117639998296,36918948564.09733
2019-04-20 00:00:00+00:00,7986.733182285026,8070.647127448245,7880.651267657671,7985.753245228631,35278744619.03273
2019-04-21 00:00:00+00:00,7999.213377034321,8100.405164722886,7894.001584198939,8013.551443248569,34485420921.18357
2019-04-22 00:00:00+00:00,8005.401649032233,8056.552907543411,7879.478515307898,7970.744564220147,29977661312.659412
2019-04-23 00:00:00+00:00,7981.037750350923,8101.627874752267,7911.108888394156,8046.786737795091,30954135404.984783
2019-04-24 00:00:00+00:00,8048.077469005852,8108.627702162908,7950.053494858902,8060.683175941451,38533930813.15049
2019-04-25 00:00:00+00:00,8037.201546136007,8230.49788409993,7945.258296812187,8182.921040702146,28017860948.84636
2019-04-26 00:00:00+00:00,8195.350328917979,8284.118981533997,8064.544680183132,8241.902431227585,35035445916.600624
2019-04-27 00:00:00+00:00,8226.486468071047,8420.726454498208,8146.601967849858,8323.86549842038,40500641810.7159
2019-04-28 00:00:00+00:00,8333.45772506857,8464.331805934895,8272.776511965614,8363.70657137477,33236690978.50054
2019-04-29 00:00:00+00:00,8398.413954772774,8505.877125198147,8296.308825752332,8417.749185065246,36708313107.78608
2019-04-30 00:00:00+00:00,8428.076931128142,8633.804228965704,8320.438572560837,8579.076781889014,44630222227.8679
2019-05-01 00:00:00+00:00,8577.895159730217,8769.790734942935,8488.259452307411,8683.325697091333,37345403053.808365
2019-05-02 00:00:00+00:00,8672.428878527546,8740.409122162862,8577.413062665282,8652.145832553695,42506168484.74512
2019-05-03 00:00:00+00:00,8656.183490719844,8785.018920041844,8605.416513434488,8751.196025833719,44203178932.52917
2019-05-04 00:00:00+00:00,8771.760559377979,8896.750320719462,8671.450740876526,8825.899621991332,41661392119.763535
2019-05-05 00:00:00+00:00,8795.258373187311,8966.750081769858,8708.312820119861,8898.561112604906,35916177639.291214
2019-05-06 00:00:00+00:00,8873.844925038264,8999.294371606766,8784.549981983404,8870.621788413215,31309023552.58561
2019-05-07 00:00:00+00:00,8830.086903509222,8986.973983361368,8738.568933849869,8913.843314828562,32022880646.86589
2019-05-08 00:00:00+00:00,8924.849088487206,9097.267461395972,8818.929805794996,9014.0828251342,40334850487.249435
2019-05-09 00:00:00+00:00,9023.21487516698,9149.417936174535,8901.7768973722,9025.903957894456,34749374675.227776
2019-05-10 00:00:00+00:00,9018.1181025385,9176.600146387113,8936.658507712307,9054.163824045729,32723868510.25106
2019-05-11 00:00:00+00:00,9063.57149211977,9185.67587904988,8937.3444576165,9046.895613932253,30881444764.02901
2019-05-12 00:00:00+00:00,9058.92785567706,9185.7264222163,8962.116928528123,9122.841612194688,31131226155.094715
2019-05-13 00:00:00+00:00,9125.089964740551,9332.534279295243,8993.55981534881,9207.428928199495,37974453932.18806
2019-05-14 00:00:00+00:00,9230.112056910008,9336.738230919862,9063.655977228816,9128.86838231665,40036652529.43948
2019-05-15 00:00:00+00:00,9156.868149882856,9279.810440234927,9039.285818279192,9172.98772750695,40365351312.447784
2019-05-16 00:00:00+00:00,9187.954131280312,9304.032831215984,9084.8903096978,9239.60916671937,36934107578.87201
2019-05-17 00:00:00+00:00,9247.46504815226,9406.232451699052,9200.55174758236,9338.857269724507,36815090575.311104
2019-05-18 00:00:00+00:00,9358.557439663951,9563.74158694844,9292.958527656448,9460.545498895866,39920881620.148636
2019-05-19 00:00:00+00:00,9473.0624905214,9629.852490499175,9375.296888065355,9547.286747792828,31770921912.393127
2019-05-20 00:00:00+00:00,9531.926069172085,9726.81895610502,9488.512068409567,9625.093407967794,34934224822.35732
2019-05-21 00:00:00+00:00,9632.057474981511,9842.27865832662,9554.597262492587,9726.878052761997,31677541408.48436
2019-05-22 00:00:00+00:00,9723.843643281944,9888.005615558232,9656.001917640848,9790.645473892317,34535185015.73585
2019-05-23 00:00:00+00:00,9788.546061236446,9908.0596403847,9647.50362458631,9781.270427091207,33948560566.57293
2019-05-24 00:00:00+00:00,9780.417343671234,9970.349706764426,9727.233155216998,9894.228402674184,36596800593.79525
2019-05-25 00:00:00+00:00,9894.96701452218,10094.10749432693,9765.280260181358,9981.330106341782,30820985620.68927
2019-05-26 00:00:00+00:00,9969.19607400371,10226.727699356372,9862.16715951966,10105.238088356104,38656503602.71443
2019-05-27 00:00:00+00:00,10075.041264205309,10218.813796634313,9986.688844879163,10119.308513962938,39130869836.78035
2019-05-28 00:00:00+00:00,10126.354227486105,10393.680172465813,10034.812174372237,10277.89793487073,36548056237.372856
2019-05-29 00:00:00+00:00,10272.105265076623,10443.765928236377,10175.43656503415,10266.2048449551,36469361678.84273
2019-05-30 00:00:00+00:00,10262.707478694492,10397.1061121821,10154.973616951243,10275.549725583442,37383629733.366875
2019-05-31 00:00:00+00:00,10294.142323729504,10503.44274773712,10238.349948357729,10375.325319814732,35271323321.85918
2019-06-01 00:00:00+00:00,10368.832502708436,10459.875070134904,10225.715922429266,10352.696459956322,36420418197.80569
2019-06-02 00:00:00+00:00,10332.906693747424,10447.73727650092,10211.818170265666,10316.640571639333,31785949985.51906
2019-06-03 00:00:00+00:00,10275.095564632156,10369.344046955908,10124.081114455235,10241.539229834036,33927833602.557888
2019-06-04 00:00:00+00:00,10240.203994916044,10344.812215869666,10121.02187842366,10235.304108157125,31529894388.678986
2019-06-05 00:00:00+00:00,10227.727584623524,10370.41402238859,10043.465013272908,10176.108749466912,34879908290.55342
2019-06-06 00:00:00+00:00,10171.54654142021,10298.666482440189,10079.544158412093,10161.114690206405,34145808206.835495
2019-06-07 00:00:00+00:00,10170.660597271357,10323.188325099689,9967.390716693517,10073.625393331926,35770699773.55939
2019-06-08 00:00:00+00:00,10074.570228462684,10146.006956428966,9809.766541998766,9932.553340608518,31873925464.621887
2019-06-09 00:00:00+00:00,9961.43052207317,10041.755974796932,9789.881053779673,9979.177010058283,26548009509.996017
2019-06-10 00:00:00+00:00,9982.632748827751,10138.084097354964,9886.950915275638,10020.0434707311,33290893129.02597
2019-06-11 00:00:00+00:00,9996.287256121708,10162.500622733914,9859.057663058156,10026.710298417936,38113981020.45444
2019-06-12 00:00:00+00:00,10008.956720436625,10215.895842317988,9963.041717493245,10036.401077462211,39962775283.04864
2019-06-13 00:00:00+00:00,10030.237334360369,10132.345936266109,9860.676896023098,10006.268926234769,28788806154.47755
2019-06-14 00:00:00+00:00,10012.77811625913,10145.184437513828,9878.15010628192,10014.76263329393,33206836914.90336
2019-06-15 00:00:00+00:00,10008.03009478673,10114.917658691147,9889.169951065933,10011.971555912256,41671638423.04069
2019-06-16 00:00:00+00:00,10020.481065549597,10106.08227408861,9837.38930223726,10010.121992565337,39370968636.08219
2019-06-17 00:00:00+00:00,10013.359898197752,10133.76422889801,9849.218112447616,10001.075338732007,31904266077.118343
2019-06-18 00:00:00+00:00,10007.173913989194,10120.492181430389,9861.776931321743,9984.514920032749,38027807804.05989
2019-06-19 00:00:00+00:00,9981.415440275729,10115.607539432394,9863.606782034489,9965.966373936855,34975064555.15732
2019-06-20 00:00:00+00:00,9947.893715043312,10108.137332754188,9781.942237407127,9900.556738787389,36341894831.51384
2019-06-21 00:00:00+00:00,9896.914033066649,10000.703881457835,9740.435678953438,9829.14436319441,42279360915.94836
2019-06-22 00:00:00+00:00,9813.266059298934,9924.662473337476,9625.057020670076,9743.172312370332,36413557576.78162
2019-06-23 00:00:00+00:00,9767.865431142844,9897.309523360484,9550.132643730974,9678.652706109557,31226261748.17763
2019-06-24 00:00:00+00:00,9680.390384879009,9812.923913760991,9554.21240514025,9700.946336804309,36260162326.838165
2019-06-25 00:00:00+00:00,9700.253897760773,9824.371133520754,9617.99272379214,9694.067166237912,42651266793.70025
2019-06-26 00:00:00+00:00,9683.870493964288,9794.440515331931,9431.097326384132,9561.778309513842,35891078388.92027
2019-06-27 00:00:00+00:00,9586.533966391931,9641.233223610196,9441.087521006197,9569.212822396814,35797396054.913734
2019-06-28 00:00:00+00:00,9576.277162629567,9778.0274976994,9503.649832682837,9687.404008464944,36737795774.7504
2019-06-29 00:00:00+00:00,9688.535006606016,9866.645135782544,9572.097115278251,9802.156590154926,33129674869.252426
2019-06-30 00:00:00+00:00,9802.961650421214,9941.287946884437,9701.536580686205,9781.406654515222,36192565732.930786
2019-07-01 00:00:00+00:00,9762.463837455432,9874.62772003356,9656.44009528856,9726.845265416336,36742464593.49241
2019-07-02 00:00:00+00:00,9730.259219648877,9823.733338231345,9619.905648297212,9738.085619237088,31890570646.455147
2019-07-03 00:00:00+00:00,9723.411442338684,9853.56435721023,9623.762246971111,9737.156270890448,31114495877.474632
2019-07-04 00:00:00+00:00,9727.540682368064,9930.660408206422,9631.966267983478,9721.752245020596,39290859090.689316
2019-07-05 00:00:00+00:00,9718.175510024128,9899.730559017393,9653.423177789957,9798.153450655353,39996475696.0404
2019-07-06 00:00:00+00:00,9848.883899453152,9990.567758892745,9712.661370625508,9794.1731293166,48277613689.17836
2019-07-07 00:00:00+00:00,9802.075489667455,9925.259454852,9609.694668487551,9808.60879857917,32294397738.840572
2019-07-08 00:00:00+00:00,9834.718815388203,9882.845019337852,9665.023465797662,9840.479814353024,33674836095.77517
2019-07-09 00:00:00+00:00,9846.811754836965,9916.011022909955,9668.869067615537,9791.85055514299,42206192216.58959
2019-07-10 00:00:00+00:00,9796.895187053413,9941.62350312158,9680.050124763147,9760.200285061892,44283618420.57085
2019-07-11 00:00:00+00:00,9740.996368163944,9892.74675286496,9592.39730027278,9654.316959740674,35753935208.55528
2019-07-12 00:00:00+00:00,9663.166597207712,9770.65967420121,9517.3001726046,9687.72811302071,31813653851.479294
2019-07-13 00:00:00+00:00,9686.063030388528,9743.892425197511,9551.287770264746,9645.645974202736,39145672740.1625
2019-07-14 00:00:00+00:00,9632.186362498032,9706.454991610774,9493.14302895158,9563.637426831034,29213665802.75757
2019-07-15 00:00:00+00:00,9569.915096285067,9701.175574853802,9470.019458140312,9586.121938542188,36784546146.55198
2019-07-16 00:00:00+00:00,9585.83944803815,9736.69129241555,9495.52911160892,9605.488150724032,28776093615.20999
2019-07-17 00:00:00+00:00,9590.674410417516,9720.86040001141,9474.903139048554,9630.17625459028,34099280655.883797
2019-07-18 00:00:00+00:00,9616.927758315029,9732.280372943833,9502.33778949433,9684.59520422186,35676961440.702385
2019-07-19 00:00:00+00:00,9669.740999892429,9781.668403050626,9507.68241118229,9646.521744821996,40354923156.73391
2019-07-20 00:00:00+00:00,9649.992338596056,9683.554006293149,9398.948770440566,9480.278767348333,35050549061.34932
2019-07-21 00:00:00+00:00,9465.061262554487,9616.201697551953,9417.60943864725,9564.646486256646,31170691443.273617
2019-07-22 00:00:00+00:00,9572.094081448628,9655.730140072425,9393.629812848494,9488.696853752868,33167172576.829838
2019-07-23 00:00:00+00:00,9517.333965200403,9588.323573249048,9323.991610144054,9431.218365478697,41853048310.08922
2019-07-24 00:00:00+00:00,9457.11071132862,9751.69625271858,9370.684474796271,9606.7744753627,37923160451.94208
2019-07-25 00:00:00+00:00,9583.905645716251,9793.832979970184,9486.184304610551,9613.50090468826,40849055860.95869
2019-07-26 00:00:00+00:00,9631.785871239166,9744.501797623863,9472.746450820385,9587.742126170448,38730905535.81751
2019-07-27 00:00:00+00:00,9569.358787832396,9736.836740411063,9492.343635781584,9561.425447607236,34904942189.44758
2019-07-28 00:00:00+00:00,9554.632276390475,9643.75040427694,9421.265590878484,9477.943582112042,37670138063.05078
2019-07-29 00:00:00+00:00,9463.095282117778,9575.559544445185,9325.122299502844,9425.659828999254,32743381618.94837
2019-07-30 00:00:00+00:00,9413.516409778238,9552.64976054885,9254.93619562241,9465.045583290905,36854468582.71894
2019-07-31 00:00:00+00:00,9502.32708331608,9665.363471343226,9448.379673730591,9571.784254859544,36898979044.0978
2019-08-01 00:00:00+00:00,9591.361491611644,9712.888661580308,9485.781395158068,9613.84718128049,37016246058.6799
2019-08-02 00:00:00+00:00,9630.558375131935,9751.214256640838,9469.560102270876,9604.391417202256,35263418971.14208
2019-08-03 00:00:00+00:00,9616.544040731653,9694.441401546936,9385.941966837836,9497.557225145943,31823255234.142357
2019-08-04 00:00:00+00:00,9497.39176380784,9632.302184702176,9389.418374920731,9408.852271789649,41747147410.761536
2019-08-05 00:00:00+00:00,9397.312593787114,9632.354740425755,9323.664082177893,9546.553447637662,38906712410.01672
2019-08-06 00:00:00+00:00,9558.14014731191,9682.042507084583,9428.306610304417,9482.54355827873,32209273297.278706
2019-08-07 00:00:00+00:00,9493.34208453129,9605.099292129333,9371.339133496413,9489.680448338384,30157638654.662693
2019-08-08 00:00:00+00:00,9497.975513515956,9604.719588693924,9367.10825638557,9497.424845126374,34953563551.28552
2019-08-09 00:00:00+00:00,9487.426760870656,9580.232845147795,9326.038919322513,9422.09261239164,33905437487.642815
2019-08-10 00:00:00+00:00,9412.071663972996,9500.220623243133,9305.703607793375,9389.8796074762,34372165688.494095
2019-08-11 00:00:00+00:00,9398.63231007351,9445.55470099658,9276.386936244646,9334.549639461688,29274815921.084263
2019-08-12 00:00:00+00:00,9320.447428821652,9407.77430509775,9161.212422594985,9270.607458489316,37767352567.9064
2019-08-13 00:00:00+00:00,9280.247557820432,9366.121443454762,9103.02384605426,9253.015232646463,36411770620.359375
2019-08-14 00:00:00+00:00,9262.84482451329,9374.487141812648,9191.452563568464,9270.704912079304,34565116949.75044
2019-08-15 00:00:00+00:00,9283.964838462894,9341.088564044963,9127.936448979795,9207.055927804968,40041988791.55071
2019-08-16 00:00:00+00:00,9191.41262164095,9374.671384692085,9129.2766549774,9302.528404677509,36779435004.68992
2019-08-17 00:00:00+00:00,9265.916819545144,9434.349842606527,9156.737992847246,9351.053498601052,31521014615.348866
2019-08-18 00:00:00+00:00,9367.83079221195,9490.977650722083,9253.869471439975,9382.655883338584,30253487278.736305
2019-08-19 00:00:00+00:00,9334.774955621204,9471.091734659522,9205.431581746792,9346.916057110391,35271828477.64589
2019-08-20 00:00:00+00:00,9348.405419061412,9427.55066609094,9191.23125875698,9253.65091022784,26062270234.55321
2019-08-21 00:00:00+00:00,9246.54453252481,9379.911973629189,9143.260484297669,9233.309463897762,36553562940.6647
2019-08-22 00:00:00+00:00,9227.20902898269,9352.753963168616,9093.273819781782,9243.962708666872,40815005114.23513
2019-08-23 00:00:00+00:00,9237.72090663452,9413.627213053978,9167.175507754671,9273.60787686616,41979144453.19602
2019-08-24 00:00:00+00:00,9276.004679166124,9357.76893824976,9099.063749122235,9190.617174602625,35974547561.76712
2019-08-25 00:00:00+00:00,9176.28821041024,9338.849006239545,9101.103644850957,9194.556278079022,29915720949.77727
2019-08-26 00:00:00+00:00,9196.444816148352,9337.19970676198,9060.042044681148,9185.01072976686,39536262744.28509
2019-08-27 00:00:00+00:00,9143.804159538611,9276.873887751412,9039.40004204036,9075.343428199509,32276234931.911827
2019-08-28 00:00:00+00:00,9062.684535320688,9217.685345552512,8989.081147327268,9109.201585059178,36781321791.32841
2019-08-29 00:00:00+00:00,9101.238599260334,9278.22123065913,9065.848324534429,9135.258607891104,36135258504.083176
2019-08-30 00:00:00+00:00,9144.723189216187,9295.132461773135,9009.354402599092,9089.140841201295,30180873177.845947
2019-08-31 00:00:00+00:00,9077.953087431291,9129.62697741474,8871.856898195758,8934.091988324184,40099984763.52576
2019-09-01 00:00:00+00:00,8947.36032248777,9024.331079744104,8809.315828450042,8973.662271599684,38423038190.79443
2019-09-02 00:00:00+00:00,8963.63080924348,9119.855625831326,8893.215097822338,9010.159152400853,39200612124.05285
2019-09-03 00:00:00+00:00,9026.06827960593,9140.7545476775,8867.57647515272,8987.442598064526,40612737270.79441
2019-09-04 00:00:00+00:00,8973.164335750009,9098.596980811652,8918.85018019827,9004.21920453961,42338445422.34735
2019-09-05 00:00:00+00:00,9039.85784736727,9109.67023989309,8885.853292081221,8990.396123885363,43361756423.58409
2019-09-06 00:00:00+00:00,8994.84180618061,9076.907443318743,8880.786728422161,8973.371408087249,37564441139.63685
2019-09-07 00:00:00+00:00,8992.834967789111,9091.31956519225,8869.082887163713,8939.98982593473,40022432376.97546
2019-09-08 00:00:00+00:00,8939.362549023017,9040.828750081577,8816.546599348483,8918.623489761749,38453260107.9702
2019-09-09 00:00:00+00:00,8923.00630302687,9021.429637042174,8790.768845614379,8868.910910252673,32285122053.8786
2019-09-10 00:00:00+00:00,8848.00713161468,8938.654894563786,8718.627870696433,8881.043116713054,31080863141.29452
2019-09-11 00:00:00+00:00,8871.70413086441,8996.595508850101,8789.602772050592,8873.615117261568,35021444534.68167
2019-09-12 00:00:00+00:00,8860.758342319772,9015.7537607582,8782.89372749521,8903.994288759075,33011786640.87396
2019-09-13 00:00:00+00:00,8894.996445810582,9011.598633609068,8779.297383618983,8861.907855632284,28183762303.145985
2019-09-14 00:00:00+00:00,8845.933580017443,8972.689311576756,8769.47075927836,8874.379848163668,33085967187.89129
2019-09-15 00:00:00+00:00,8855.760821732201,8947.83797375851,8743.15535617676,8886.757235086881,30479170776.477646
2019-09-16 00:00:00+00:00,8884.793402270347,8972.35656818702,8792.226073177253,8925.971970442248,33603117895.782234
2019-09-17 00:00:00+00:00,8906.84390659182,9054.349183815297,8765.29681717591,8938.077287738688,28225147504.151615
2019-09-18 00:00:00+00:00,8910.622743776627,9015.388161741432,8785.39127097243,8941.333576825939,37038092442.30194
2019-09-19 00:00:00+00:00,8939.6030965939,9008.905345428067,8755.69270014982,8850.008525651652,34564391324.54742
2019-09-20 00:00:00+00:00,8849.93482857181,8981.792165156514,8729.055659295607,8833.143924050039,39217531889.80959
2019-09-21 00:00:00+00:00,8846.943539707267,8934.507916043158,8646.485782637317,8750.410854434731,37834754156.07096
2019-09-22 00:00:00+00:00,8760.513105652775,8843.34818229332,8645.388003129476,8752.046387009052,29255103619.70555
2019-09-23 00:00:00+00:00,8738.288944240057,8834.844962994906,8645.24165648217,8719.310418717336,29025972358.844444
2019-09-24 00:00:00+00:00,8708.632790318401,8774.495749181382,8573.81951891014,8620.631648203434,29029483645.183357
2019-09-25 00:00:00+00:00,8626.440132517198,8730.165493632414,8522.204756947252,8584.588006510254,33042139150.480503
2019-09-26 00:00:00+00:00,8594.892371544218,8739.893042368494,8495.710862278615,8707.448966605178,42101466895.67831
2019-09-27 00:00:00+00:00,8697.271871888517,8815.76684456651,8572.272755332737,8730.535627404808,36607887525.43113
2019-09-28 00:00:00+00:00,8739.987495598905,8855.175494333227,8643.553314849292,8717.643821319645,36005986899.40688
2019-09-29 00:00:00+00:00,8724.10269427284,8824.580835173178,8605.309540565851,8687.367237055887,38202297744.43511
2019-09-30 00:00:00+00:00,8683.836677380694,8768.733342237376,8533.696118918382,8581.3779927952,36355992311.85129
2019-10-01 00:00:00+00:00,8608.513619952155,8678.13375963304,8468.675512030159,8517.304384993125,39278108821.861595
2019-10-02 00:00:00+00:00,8476.674832485312,8598.184298505328,8358.781279244455,8434.827216113325,34683631360.12234
2019-10-03 00:00:00+00:00,8419.902251375011,8488.585821326986,8304.730575726533,8366.672490915998,35705709194.688644
2019-10-04 00:00:00+00:00,8369.039173691823,8468.849011682414,8296.770177101545,8387.13718072738,32596742254.98039
2019-10-05 00:00:00+00:00,8385.735735633054,8492.723757290594,8273.574940281404,8384.127381139002,28512293524.137825
2019-10-06 00:00:00+00:00,8369.205487301198,8514.160995387858,8282.364461771771,8443.212164626273,28221457319.551594
2019-10-07 00:00:00+00:00,8430.407101811817,8553.504488832226,8349.211404219315,8445.907703110626,34947936393.05938
2019-10-08 00:00:00+00:00,8442.909272209494,8512.658134613197,8302.583127388132,8464.219305091294,34345181975.72291
2019-10-09 00:00:00+00:00,8471.806289946044,8542.555736234295,8378.740621295055,8446.620110990483,39284977335.23749
2019-10-10 00:00:00+00:00,8433.297050263463,8510.339239986188,8325.424236919782,8376.430104666408,37261150111.6311
2019-10-11 00:00:00+00:00,8358.115447529979,8397.344892219133,8177.438720091587,8260.21479786614,35658664300.381165
2019-10-12 00:00:00+00:00,8264.76608061816,8337.062586484552,8135.441358313588,8192.270121245781,39170672685.22041
2019-10-13 00:00:00+00:00,8184.150508303773,8330.97569280147,8090.184596625182,8232.79410297031,41984221364.961235
2019-10-14 00:00:00+00:00,8235.940603900968,8307.115287807777,8117.403149177036,8208.04107608676,31057599879.33068
2019-10-15 00:00:00+00:00,8190.90505202148,8259.4311647334,8048.748757272647,8183.59794323057,32493664101.822346
2019-10-16 00:00:00+00:00,8186.347335035978,8241.543280777218,8049.780263682739,8131.905441261197,35673490577.331696
2019-10-17 00:00:00+00:00,8135.877992997842,8232.457282513944,7995.254480779563,8083.257804547127,34141957649.51511
2019-10-18 00:00:00+00:00,8095.718295917589,8173.235779902272,7956.489989818255,8007.351462124983,34531536013.43206
2019-10-19 00:00:00+00:00,7999.64158263989,8144.7464466584415,7942.944980718421,8068.410250313734,35375919030.811485
2019-10-20 00:00:00+00:00,8072.977662602708,8158.249919870783,7955.925928465282,8000.706396938572,36489955956.97864
2019-10-21 00:00:00+00:00,7984.228489422056,8040.659199564359,7869.009314807346,7947.665793823607,41394925144.69923
2019-10-22 00:00:00+00:00,7977.44179815018,8139.907854365387,7864.222099980551,7983.77766867945,35560343936.49265
2019-10-23 00:00:00+00:00,7979.756507475551,8173.882369191612,7920.767278114824,8079.441400346208,43041082119.3836
2019-10-24 00:00:00+00:00,8081.748852145532,8153.405729433416,7977.217678651278,8056.077642720595,36822104260.446144
2019-10-25 00:00:00+00:00,8074.035248880631,8195.643018269084,7986.221933482225,8062.321556766728,33862706623.894432
2019-10-26 00:00:00+00:00,8046.008302734194,8129.4719276019505,7932.438624933127,8026.750381453299,29795214315.186234
2019-10-27 00:00:00+00:00,8025.079218077072,8101.292846426694,7886.321975913554,8047.882097015751,30648505218.37895
2019-10-28 00:00:00+00:00,8038.466761461584,8206.159490326305,7959.983834283782,8054.937088293218,35003966819.48416
2019-10-29 00:00:00+00:00,8045.224461979051,8157.132977596612,7965.9953582394255,8054.884480394058,42530638366.74668
2019-10-30 00:00:00+00:00,8075.879133974921,8142.152871015602,7982.731637786075,8085.965381042347,28026129118.60813
2019-10-31 00:00:00+00:00,8084.450602852915,8176.62151147217,7984.549159297,8043.6956694296705,33242326625.65095
2019-11-01 00:00:00+00:00,8020.585008229845,8112.5198529313075,7940.90032541032,8009.310683088009,31871211028.534927
2019-11-02 00:00:00+00:00,8009.73422873951,8083.070021625989,7914.737542281537,8015.011159666462,35493062624.25371
2019-11-03 00:00:00+00:00,8018.056507280431,8176.193678945917,7951.665800921885,8096.346786210317,33961259152.925293
2019-11-04 00:00:00+00:00,8119.328992977206,8210.37425225263,7940.342722275624,8060.867891654364,27923014640.728844
2019-11-05 00:00:00+00:00,8059.629090121574,8137.434962177553,7906.019975859559,7979.724742415911,33678208030.780014
2019-11-06 00:00:00+00:00,7970.503290798133,8059.091770972699,7889.283343965043,7951.957377825666,40318785408.441414
2019-11-07 00:00:00+00:00,7969.584435201011,8108.599204768144,7934.551640916689,8009.310167173872,31268150176.380077
2019-11-08 00:00:00+00:00,8004.620930330639,8172.931054882524,7929.510080512734,8018.730664125796,33704744319.393074
2019-11-09 00:00:00+00:00,8018.123916228078,8093.624882191792,7908.957800534689,8002.973885305258,38661657356.53447
2019-11-10 00:00:00+00:00,7975.103197070697,8079.460970988883,7898.270253380958,7967.101688807739,39134747963.115265
2019-11-11 00:00:00+00:00,7961.135564604125,8014.085626811129,7794.335092664314,7892.797255303536,36483985078.87532
2019-11-12 00:00:00+00:00,7890.421299839678,7993.340350440588,7775.513614497311,7877.093673599282,35787502264.60063
2019-11-13 00:00:00+00:00,7869.019879280356,7956.885595134378,7713.447094852965,7773.370551826329,40788976536.852844
2019-11-14 00:00:00+00:00,7765.339357227743,7858.399121597823,7652.459582197766,7713.504143234601,34159919414.79229
2019-11-15 00:00:00+00:00,7712.610148669258,7829.968569591169,7616.004172359318,7767.215194156251,30016530783.503803
2019-11-16 00:00:00+00:00,7747.903438172813,7800.151998481107,7624.043795235063,7692.070878136245,44875245841.46886
2019-11-17 00:00:00+00:00,7657.3175456772,7779.45179052026,7564.54945376404,7718.753306106392,38794770217.53869
2019-11-18 00:00:00+00:00,7695.453752417795,7797.241753417978,7598.515269181948,7710.030715811847,27030322538.2447
2019-11-19 00:00:00+00:00,7717.361701187015,7826.261166764036,7669.987338105074,7740.218344072186,35632572909.37541
2019-11-20 00:00:00+00:00,7746.220968324907,7853.1452799980625,7655.017716040264,7748.550135410127,33115210012.6326
2019-11-21 00:00:00+00:00,7741.127037526733,7806.28582347234,7633.424134243322,7707.492650663084,35712738841.104546
2019-11-22 00:00:00+00:00,7727.905299386206,7815.978122730398,7605.123508599248,7749.94261757019,31224425593.78081
2019-11-23 00:00:00+00:00,7739.583658993815,7792.276675946701,7601.088622547958,7680.367066691721,48404145246.97747
2019-11-24 00:00:00+00:00,7666.408935567442,7781.462442610168,7594.225032655597,7677.344650522058,38343755888.21177
2019-11-25 00:00:00+00:00,7688.618435491777,7823.224825323564,7595.483783357351,7736.652265479792,36424371436.92439
2019-11-26 00:00:00+00:00,7727.98563984648,7833.319946919465,7629.884057191005,7672.438168015047,38262816128.65456
2019-11-27 00:00:00+00:00,7684.184412354303,7767.209544194306,7611.938039785998,7692.673929715969,25492671462.050106
2019-11-28 00:00:00+00:00,7682.888486317724,7748.89798550644,7561.092781985286,7652.860937963579,30004162759.60776
2019-11-29 00:00:00+00:00,7675.492551344945,7718.815998487258,7534.829371678959,7647.195075423303,31504833596.007286
2019-11-30 00:00:00+00:00,7646.065626713944,7719.114714374136,7509.053471227707,7581.023435097822,34860324264.38764
2019-12-01 00:00:00+00:00,7591.952169651672,7739.30817706489,7498.533812438926,7585.200914513528,35109553337.60887
2019-12-02 00:00:00+00:00,7603.362055130153,7678.935088207329,7461.351819773035,7543.69732640599,31957976070.22933
2019-12-03 00:00:00+00:00,7544.527672254518,7678.799367212995,7469.255479875608,7555.291495744075,32299874889.87881
2019-12-04 00:00:00+00:00,7553.006227563308,7668.36498037835,7506.5040277357775,7577.558715814561,36771956703.55171
2019-12-05 00:00:00+00:00,7553.605530508658,7621.293936519392,7352.003979354072,7522.377694929594,39490114989.287834
2019-12-06 00:00:00+00:00,7513.807159719023,7629.384242720913,7464.917900259144,7537.678498189855,35244051526.091354
2019-12-07 00:00:00+00:00,7547.324064425341,7653.08421489904,7457.949280648616,7538.397470971738,35383072294.61647
2019-12-08 00:00:00+00:00,7547.080975459266,7635.411919221309,7447.029607130315,7520.713138243474,32865728354.80455
2019-12-09 00:00:00+00:00,7512.827417698826,7607.715493796222,7401.098310103554,7462.361830322792,30356726702.288666
2019-12-10 00:00:00+00:00,7442.53384773224,7554.093921516915,7353.059349337323,7463.835827308956,27548747277.793995
2019-12-11 00:00:00+00:00,7460.467315231181,7527.460384251963,7344.213669623746,7433.334760848294,27911118590.063686
2019-12-12 00:00:00+00:00,7429.346527289364,7518.764910904876,7346.037299457274,7414.559154069809,27167904365.161118
2019-12-13 00:00:00+00:00,7417.769796515438,7473.523464662087,7325.569009316138,7401.4361018971795,25638995241.58306
2019-12-14 00:00:00+00:00,7397.997226667626,7478.174521330101,7276.291010602818,7303.482680138502,36759461636.21884
2019-12-15 00:00:00+00:00,7293.081440544593,7376.1719881995905,7177.47986769146,7247.546923258876,32701279082.987385
2019-12-16 00:00:00+00:00,7244.9143757758275,7412.155880344389,7182.496959371105,7300.764063910842,36506018091.27739
2019-12-17 00:00:00+00:00,7299.567323840194,7392.655125449262,7178.008876789481,7252.018258015008,31920073248.57659
2019-12-18 00:00:00+00:00,7249.3743880703905,7312.2349618541475,7173.416537962635,7253.942543969383,38419470352.18782
2019-12-19 00:00:00+00:00,7240.773731321132,7356.117752087721,7170.7316226808725,7313.301831497743,31720611261.607887
2019-12-20 00:00:00+00:00,7288.849743372427,7377.821275753686,7175.842995484936,7275.284500818614,32929517002.557163
2019-12-21 00:00:00+00:00,7258.621252366013,7401.1437119035345,7184.20581098888,7303.571561420108,38850666164.57275
2019-12-22 00:00:00+00:00,7315.815355337674,7394.603487603211,7212.842019918383,7268.659715213797,35890488977.71999
2019-12-23 00:00:00+00:00,7278.165152163727,7397.610894183616,7197.018780543588,7333.606598121668,37709762628.97579
2019-12-24 00:00:00+00:00,7350.19240696116,7449.724546336758,7251.480824548734,7356.2513689391235,32778337197.131264
2019-12-25 00:00:00+00:00,7361.860245643538,7422.2562506774575,7182.43484781897,7286.072494038447,30999695822.35383
2019-12-26 00:00:00+00:00,7294.108649370891,7400.550710886576,7236.114039147948,7278.762502271775,44812609400.946724
2019-12-27 00:00:00+00:00,7286.842606256893,7354.829843558439,7107.235515288754,7182.416644391739,32300674516.17346
2019-12-28 00:00:00+00:00,7193.712796117792,7305.297630890944,7110.624670018288,7184.034260444835,40837572712.8055
2019-12-29 00:00:00+00:00,7168.668160632826,7258.582931508499,7033.805735625047,7101.782601215396,42746681537.17442
2019-12-30 00:00:00+00:00,7093.917425395529,7144.345957145695,6984.23952516234,7031.486341944607,34171186344.532894
2019-12-31 00:00:00+00:00,7044.619947779526,7127.380437427707,6962.629840319962,7103.001380769007,29869109263.16322
2020-01-01 00:00:00+00:00,7093.6280280697865,7201.208903031249,7056.129333378194,7142.8735027656885,33009546336.832466
2020-01-02 00:00:00+00:00,7128.844385123643,7208.412969572551,7068.711758664793,7160.028821644972,37797486002.94553
2020-01-03 00:00:00+00:00,7131.056256481264,7208.171617198771,7050.523048228289,7145.418748004492,36570575079.65832
2020-01-04 00:00:00+00:00,7132.522791694797,7181.3501591540125,6944.700067993805,7033.291728455532,36753242404.01631
2020-01-05 00:00:00+00:00,7041.279039116725,7175.364999772748,7002.445783980957,7082.688196749338,31898682134.775295
2020-01-06 00:00:00+00:00,7085.6264847811335,7193.307647327809,7020.511777837693,7113.152065765296,34632303281.46386
2020-01-07 00:00:00+00:00,7090.065859017177,7242.568505464118,7022.086159416037,7130.729925792378,41659475188.51022
2020-01-08 00:00:00+00:00,7107.549369138809,7194.06867185781,7016.798466864145,7117.8056360737055,41927226179.07766
2020-01-09 00:00:00+00:00,7134.1724760635225,7210.298888688369,7023.460562867925,7103.967528232749,34834459091.223495
2020-01-10 00:00:00+00:00,7111.559229681428,7197.891638107782,7033.782686603205,7089.012644951356,34621466354.13758
2020-01-11 00:00:00+00:00,7080.854839023293,7149.115153321396,7004.450950551869,7065.764514721463,41547750873.90597
2020-01-12 00:00:00+00:00,7069.216292543317,7102.321603681648,6953.552308038638,7000.3404803141775,33805879671.03089
2020-01-13 00:00:00+00:00,6983.401985973629,7078.408679314577,6888.545585306333,6947.624153588118,29784695444.95839
2020-01-14 00:00:00+00:00,6942.646335496064,7038.897953394545,6822.7839524644605,6907.541126300696,36108209429.96407
2020-01-15 00:00:00+00:00,6881.841783588361,6943.914456590112,6729.744841490623,6799.383973759263,32251798590.33946
2020-01-16 00:00:00+00:00,6786.688391320584,6917.411574183182,6669.173503550886,6721.313615069526,33977012280.022713
2020-01-17 00:00:00+00:00,6721.5645656099205,6813.351306441116,6648.363892201808,6693.162315464013,30500620964.80371
2020-01-18 00:00:00+00:00,6715.554496787914,6831.812637195827,6639.518478846592,6722.814800834602,35838996578.26696
2020-01-19 00:00:00+00:00,6731.17065696132,6794.187837503109,6610.421309021652,6662.059890831125,38693922652.40928
2020-01-20 00:00:00+00:00,6675.420552471621,6817.239353413474,6616.4038514752265,6716.121198727205,38871112542.53882
2020-01-21 00:00:00+00:00,6710.897276955653,6797.517659302901,6627.492098150997,6687.0789580516,39436527201.881226
2020-01-22 00:00:00+00:00,6698.629112308324,6749.485684106168,6589.3346150898105,6611.306408261761,33189420598.6748
2020-01-23 00:00:00+00:00,6612.133323747167,6714.532724321317,6532.770571057916,6639.074288159111,35936318085.269554
2020-01-24 00:00:00+00:00,6645.449117591519,6679.507269403859,6529.464465936364,6590.422251251313,37325986061.18557
2020-01-25 00:00:00+00:00,6603.197602363142,6647.712676434428,6492.633615775471,6548.558037428356,29704047358.079052
2020-01-26 00:00:00+00:00,6556.403880227855,6658.465354537279,6466.6596466558685,6593.461113146306,33424734002.750835
2020-01-27 00:00:00+00:00,6609.774036313875,6701.477119595211,6493.421723588248,6587.769751739839,29329004807.111713
2020-01-28 00:00:00+00:00,6611.049878981484,6688.907590843138,6540.71978830944,6612.683516577615,33196366904.86978
2020-01-29 00:00:00+00:00,6607.615097207116,6680.562507305654,6504.468666005589,6581.193034776526,37813070927.47563
2020-01-30 00:00:00+00:00,6575.374618321602,6652.357073201291,6520.697643478473,6586.836626228135,31087040733.77112
2020-01-31 00:00:00+00:00,6588.244993429337,6632.0471298169705,6443.997058939071,6569.021868625329,45460715899.13814
2020-02-01 00:00:00+00:00,6571.063956342669,6620.123682936659,6387.8867566984045,6494.3687199611,34114739713.318592
2020-02-02 00:00:00+00:00,6495.771132258932,6574.403082067827,6408.762757283789,6464.704595735698,29999513654.24427
2020-02-03 00:00:00+00:00,6474.62127008132,6552.103137061656,6417.666897519901,6465.158448543003,30388409424.518208
2020-02-04 00:00:00+00:00,6461.34212771937,6577.790888403583,6415.619184862969,6507.05661012144,43461172923.57385
2020-02-05 00:00:00+00:00,6513.832627541044,6624.180280068767,6409.752542576387,6479.314505065188,39532714828.280014
2020-02-06 00:00:00+00:00,6484.058955946716,6504.51021672848,6370.552507056225,6409.380202069921,35239709259.62204
2020-02-07 00:00:00+00:00,6391.811879561439,6499.009592728668,6350.804121512204,6417.005699838067,39469396560.03378
2020-02-08 00:00:00+00:00,6439.650964675667,6507.139751390291,6324.420145706655,6405.9779775123225,32385234311.692272
2020-02-09 00:00:00+00:00,6415.885767720838,6500.355255035431,6331.913568102476,6409.730982562662,29182097640.540436
2020-02-10 00:00:00+00:00,6417.170564110826,6484.894686118784,6337.454679779299,6395.106296758379,27647466732.66418
2020-02-11 00:00:00+00:00,6408.710156535036,6494.963590918691,6329.357193423051,6365.727568457267,33471149747.19193
2020-02-12 00:00:00+00:00,6351.451367937098,6418.936620151161,6280.980564437285,6335.425780710317,33317215373.976532
2020-02-13 00:00:00+00:00,6328.840272921933,6428.027305025263,6256.141327493698,6330.997355334083,31672099372.902428
2020-02-14 00:00:00+00:00,6323.15397077958,6371.945245894263,6257.033893277814,6299.952173614804,34010525035.964294
2020-02-15 00:00:00+00:00,6301.077139469578,6371.268633062724,6217.659160679023,6263.752464999171,40533569840.85211
2020-02-16 00:00:00+00:00,6266.580566062127,6306.380768720148,6143.25984626775,6221.366983939739,39194728557.08352
2020-02-17 00:00:00+00:00,6224.154185132427,6290.742881787404,6116.87942136443,6189.037675220422,28349476861.886597
2020-02-18 00:00:00+00:00,6197.375532464212,6223.951090996177,6087.998845827648,6141.40144669972,33203911998.008358
2020-02-19 00:00:00+00:00,6135.965238978547,6171.737646362552,6061.897052275368,6118.708174887693,31461042766.208656
2020-02-20 00:00:00+00:00,6120.618164377189,6177.874991980609,5992.532193881207,6040.119056503324,38437782120.64619
2020-02-21 00:00:00+00:00,6044.371925748596,6088.618032269284,5966.346519069005,6026.832977634279,31702900687.283283
2020-02-22 00:00:00+00:00,6020.482348650529,6086.707155061195,5940.291092193054,6025.307607372309,33045019534.071934
2020-02-23 00:00:00+00:00,6031.586591797993,6125.211586455853,5962.870838945116,6063.830072988797,40598785675.83221
2020-02-24 00:00:00+00:00,6070.062744509452,6143.804900188868,5969.541474590395,6022.080799916468,39764526693.77636
2020-02-25 00:00:00+00:00,6020.407772801976,6080.461856182763,5971.262469389387,6033.558795097994,36756393603.88775
2020-02-26 00:00:00+00:00,6049.75237834434,6112.652969291351,5919.33828984701,5956.286473806657,34541653120.21557
2020-02-27 00:00:00+00:00,5969.136105969443,6034.1547828892535,5885.882046153348,5926.392713512454,32631000167.593147
2020-02-28 00:00:00+00:00,5930.959046792553,5942.433086421761,5754.918582096856,5810.203708011467,37469211701.29183
2020-02-29 00:00:00+00:00,5826.528858279403,5885.201021679441,5747.828620382754,5789.409298091135,33327519862.991745
2020-03-01 00:00:00+00:00,5795.643766440622,5856.232696308379,5721.198983212259,5774.13013383328,32369537696.10439
2020-03-02 00:00:00+00:00,5782.94424649751,5853.4354840546,5705.809305935434,5793.289715107486,28235987703.93156
2020-03-03 00:00:00+00:00,5799.989557005826,5839.79768736478,5705.3447235048125,5776.767791088955,35406766525.8062
2020-03-04 00:00:00+00:00,5773.450121175941,5827.474189605056,5670.006640803221,5789.225855992885,39119966969.62058
2020-03-05 00:00:00+00:00,5783.401996277036,5848.102955620886,5712.920600506027,5777.800034729447,35232913620.54802
2020-03-06 00:00:00+00:00,5784.055797859866,5834.411750232088,5679.173855464598,5741.264574914399,33713374934.787655
2020-03-07 00:00:00+00:00,5735.730569479473,5791.265132116293,5641.2605123189605,5687.724177332048,37666217681.01877
2020-03-08 00:00:00+00:00,5690.6483529502975,5724.0978613181405,5594.779882584711,5642.755758523769,31241183990.408424
2020-03-09 00:00:00+00:00,5643.523555421552,5723.943777481226,5513.4938660108855,5573.065467874121,39478428812.17168
2020-03-10 00:00:00+00:00,5587.941234901931,5694.342987230105,5535.312669792128,5663.311869085739,39129796563.48264
2020-03-11 00:00:00+00:00,5664.866408086957,5725.883013906299,5600.476449397134,5664.511203343332,29669062312.166473
2020-03-12 00:00:00+00:00,5660.362480057953,5751.612393685038,5552.229427434824,5659.986948927663,28660966503.224506
2020-03-13 00:00:00+00:00,5664.26544530732,5741.55614484719,5611.13770293549,5681.212758864935,34071743961.962112
2020-03-14 00:00:00+00:00,5694.174837941878,5817.355568168225,5644.113365032156,5737.979571224995,41294849500.356895
2020-03-15 00:00:00+00:00,5745.382392446904,5850.096658180124,5689.479118070713,5808.016894306831,39662408862.3981
2020-03-16 00:00:00+00:00,5812.179591036422,5926.078060062089,5779.3053443963945,5877.705446856533,36854567152.03435
2020-03-17 00:00:00+00:00,5888.615329567483,5992.53506413884,5827.177639405712,5926.207462480769,32501455883.283276
2020-03-18 00:00:00+00:00,5940.611707545671,6049.867402963823,5906.816075022901,6022.401057657486,36308372531.90287
2020-03-19 00:00:00+00:00,6021.517017213313,6117.530943232368,5975.927541285402,6026.610131565359,38659906841.06651
2020-03-20 00:00:00+00:00,6029.284420555577,6112.484773814313,5946.070780720932,6053.322528549926,34966653346.36436
2020-03-21 00:00:00+00:00,6064.8836296652125,6187.596216122091,6023.913751703693,6141.889129189319,33473448576.264866
2020-03-22 00:00:00+00:00,6134.106577226728,6254.95355189051,6074.612315711815,6177.324935518058,34545428763.865654
2020-03-23 00:00:00+00:00,6171.277130710538,6311.270949719315,6135.49059440703,6239.216986984639,31067851153.84909
2020-03-24 00:00:00+00:00,6236.10487906703,6383.344513216586,6179.03822312979,6297.3584361804615,31561171044.632977
2020-03-25 00:00:00+00:00,6300.64642629937,6429.899033919536,6229.453947142166,6321.032136138732,34761583753.70634
2020-03-26 00:00:00+00:00,6303.6978731549625,6447.67771788352,6250.82815340955,6366.291235765128,37122497050.47447
2020-03-27 00:00:00+00:00,6388.443889813764,6512.4978228893815,6338.69361117769,6442.128896785758,34591810548.43609
2020-03-28 00:00:00+00:00,6437.097227132766,6583.506184312614,6372.618067817086,6530.437574696858,33650847780.78817
2020-03-29 00:00:00+00:00,6546.328833429402,6694.7963390218965,6472.830252367562,6593.524503934388,36833787057.64191
2020-03-30 00:00:00+00:00,6583.428235246619,6660.589559798562,6503.067103675134,6589.154720189398,37341371345.07065
2020-03-31 00:00:00+00:00,6597.029446406034,6696.248568466505,6475.251925059108,6636.232807112774,32903436866.429424
2020-04-01 00:00:00+00:00,6635.542693790145,6785.677152775967,6582.948445891768,6721.419897410906,29506481650.68208
2020-04-02 00:00:00+00:00,6716.308462987956,6832.386104553589,6635.402931416161,6761.899784237089,33480329957.692448
2020-04-03 00:00:00+00:00,6773.634812915576,6930.754971856984,6741.92404437211,6874.033055325152,31106529070.605568
2020-04-04 00:00:00+00:00,6890.372162180621,7010.54765590233,6841.173780738244,6947.457505288535,35277196478.36088
2020-04-05 00:00:00+00:00,6961.701582583236,7136.950068005646,6922.775033646463,7100.815567016022,39462076627.436806
2020-04-06 00:00:00+00:00,7084.768565060333,7268.194948477585,7024.452118075421,7168.823504649805,37320800915.73378
2020-04-07 00:00:00+00:00,7166.399460241515,7280.047800686768,7091.51130794344,7190.155339032024,32185652356.132156
2020-04-08 00:00:00+00:00,7192.245785586216,7356.10059776148,7069.384526927982,7241.387429485072,33828638800.053535
2020-04-09 00:00:00+00:00,7240.982574800387,7342.582567128708,7178.092386048975,7246.972797137458,33091580342.507294
2020-04-10 00:00:00+00:00,7233.481378623232,7354.502120476884,7166.344483378707,7292.234083822448,45635269813.43248
2020-04-11 00:00:00+00:00,7298.51115069658,7444.951872059305,7205.272257011836,7315.492180112104,35499912593.629616
2020-04-12 00:00:00+00:00,7319.6607596347,7441.345832682047,7244.899886439655,7367.714548171981,31318609724.3804
2020-04-13 00:00:00+00:00,7381.462768903934,7509.891733259245,7336.857176613886,7471.213527997732,40535844147.21796
2020-04-14 00:00:00+00:00,7460.968668071228,7609.066858124541,7401.478112498479,7554.971328441186,34329020923.645287
2020-04-15 00:00:00+00:00,7563.892325396372,7596.223777519816,7400.186479761071,7524.057877132908,31949270708.18223
2020-04-16 00:00:00+00:00,7512.697675600632,7657.472071881545,7443.252588315226,7548.5259918337615,37757382377.456665
2020-04-17 00:00:00+00:00,7558.063481274506,7661.932692155136,7479.012452755643,7606.247954158789,34705028173.09848
2020-04-18 00:00:00+00:00,7598.041520268496,7837.49239570311,7527.902671981035,7756.516772781348,39215606653.72721
2020-04-19 00:00:00+00:00,7753.767111106074,7868.658628890394,7702.937163363382,7774.744543235608,37933095130.620674
2020-04-20 00:00:00+00:00,7798.151852208789,7909.084517784094,7736.58494118007,7851.768751311325,29184064322.57773
2020-04-21 00:00:00+00:00,7847.5409237169215,7976.102228312474,7783.269544562397,7903.465726098462,33499824613.698315
2020-04-22 00:00:00+00:00,7900.450081815149,8060.724300442346,7835.568169706645,7967.139406937775,36258000473.09828
2020-04-23 00:00:00+00:00,7990.07671864089,8022.879993196385,7863.605627820838,7952.596889415111,36972535285.656944
2020-04-24 00:00:00+00:00,7959.451619845891,8106.755367592539,7922.319183521209,7991.595510362437,33496453405.88776
2020-04-25 00:00:00+00:00,7975.99048425408,8175.676718408754,7907.118301883253,8068.381362519851,36998911924.75702
2020-04-26 00:00:00+00:00,8087.671323199126,8149.211000353627,7953.99549803483,8097.015182771212,38031725042.0145
2020-04-27 00:00:00+00:00,8092.393102399213,8227.937310784273,7997.054985884471,8158.716345649986,30410923703.19231
2020-04-28 00:00:00+00:00,8163.205758233726,8342.004273409539,8057.712662910815,8284.901622567451,38724768673.24759
2020-04-29 00:00:00+00:00,8281.886791851803,8401.484174493899,8185.060822958754,8338.300468925607,38947645906.96338
2020-04-30 00:00:00+00:00,8353.603947989508,8441.650368231325,8253.090620926756,8358.816269496314,39234307182.65136
2020-05-01 00:00:00+00:00,8359.502224455326,8503.740563594321,8295.755951130981,8364.124787016179,40722104463.64927
2020-05-02 00:00:00+00:00,8379.101581380171,8534.201345166155,8278.58751597002,8400.165645587442,38315325662.61321
2020-05-03 00:00:00+00:00,8405.70987378708,8540.970935638597,8304.41972520952,8425.185222681628,40411471073.44655
2020-05-04 00:00:00+00:00,8432.734249135974,8567.585551170214,8374.851904335583,8490.629997286873,32681847306.969234
2020-05-05 00:00:00+00:00,8500.972762469659,8627.08600552237,8350.04755689741,8563.30905898818,41243215723.56519
2020-05-06 00:00:00+00:00,8581.862046169223,8735.19057637292,8509.170562939284,8671.520626613079,28608778966.03372
2020-05-07 00:00:00+00:00,8634.261797269259,8764.423938702648,8550.249301007936,8682.378027291797,28627346488.027294
2020-05-08 00:00:00+00:00,8671.519001513978,8807.55997077326,8617.640351467327,8710.028461466209,37723734422.133484
2020-05-09 00:00:00+00:00,8709.117678951592,8841.518990412078,8647.643804827378,8792.254187880604,33999230280.937565
2020-05-10 00:00:00+00:00,8774.751975719077,9067.948964940044,8732.02414444929,8952.526786504981,36243734555.13987
2020-05-11 00:00:00+00:00,8944.331558445287,9168.963170551084,8875.649885436334,9063.642434938283,31189142051.809334
2020-05-12 00:00:00+00:00,9082.951201635437,9209.194381929085,8999.005816524032,9057.281596161967,37789670283.927444
2020-05-13 00:00:00+00:00,9053.838279987169,9261.143699082204,8975.042805901776,9178.443202030634,32636709557.5938
2020-05-14 00:00:00+00:00,9202.012425139435,9268.614734923502,9092.349047174195,9179.06802223022,42346949768.158066
2020-05-15 00:00:00+00:00,9179.010626897089,9349.2282830006,9093.295420178802,9257.829090414118,32357810572.53781
2020-05-16 00:00:00+00:00,9287.046556494784,9357.312126268422,9185.082805392476,9235.392211080189,32177406231.766056
2020-05-17 00:00:00+00:00,9269.55859542212,9407.220557490282,9151.190452835946,9300.77606320348,45830199925.024925
2020-05-18 00:00:00+00:00,9300.046625015657,9491.092624106195,9222.961227489484,9415.769157023642,31105452843.559017
2020-05-19 00:00:00+00:00,9405.39736733665,9557.342539238614,9315.971511129192,9468.62426367052,31078642490.623127
2020-05-20 00:00:00+00:00,9482.421097144792,9574.22833103632,9409.622310412127,9492.459718167924,33257725930.957745
2020-05-21 00:00:00+00:00,9513.143102148637,9653.586403488438,9409.881605493973,9528.904388451869,26613975831.271244
2020-05-22 00:00:00+00:00,9537.201005232995,9741.49723374728,9468.632725558407,9685.80105133598,29825484604.1337
2020-05-23 00:00:00+00:00,9683.575469205629,9855.520515488604,9621.266542795862,9792.839568921898,36689546490.38055
2020-05-24 00:00:00+00:00,9792.378422828871,9969.219218849876,9705.33480375271,9898.022343830604,30955538340.384045
2020-05-25 00:00:00+00:00,9933.537264616176,10124.539234883092,9790.959727686468,10055.192156692132,30596754006.46391
2020-05-26 00:00:00+00:00,10040.140992454672,10227.03861851569,9951.873799229004,10124.44321027549,36633366823.3286
2020-05-27 00:00:00+00:00,10104.081017912516,10309.095606139534,10025.392868116907,10232.911419449852,40065142293.13468
2020-05-28 00:00:00+00:00,10256.738214118432,10524.223230421538,10153.910590910433,10411.766147003946,36682638685.23391
2020-05-29 00:00:00+00:00,10398.96931816861,10601.851165667524,10328.567126978627,10522.404150745306,38553394958.56487
2020-05-30 00:00:00+00:00,10540.66880330474,10649.496865776648,10408.230939976374,10554.410140502276,34393830682.340744
2020-05-31 00:00:00+00:00,10564.668930115831,10694.242317623934,10424.369542573722,10590.739974312752,35937058943.35261
2020-06-01 00:00:00+00:00,10599.715803316838,10858.165139911163,10499.397363489768,10741.120020351887,39154301905.61343
2020-06-02 00:00:00+00:00,10750.94784968491,10861.367605290574,10557.993273950977,10746.986891864002,41498787202.916405
2020-06-03 00:00:00+00:00,10761.756795196883,10867.276282277291,10588.788694456096,10775.98354403519,38652508826.00486
2020-06-04 00:00:00+00:00,10780.140684843633,10900.526105170631,10661.651004816656,10716.94003604668,37052771366.65206
2020-06-05 00:00:00+00:00,10707.869213208343,10908.150821038942,10667.68334756509,10817.659712597328,32311191790.668625
2020-06-06 00:00:00+00:00,10826.775304237866,10998.057868672277,10728.184633159315,10834.916887327276,34588500334.9651
2020-06-07 00:00:00+00:00,10828.698324435549,10988.939726149058,10682.499905593637,10798.686312798378,29897826453.194695
2020-06-08 00:00:00+00:00,10815.069364622012,11023.431383253655,10686.373149963818,10913.116009525836,43209746995.886375
2020-06-09 00:00:00+00:00,10879.623509878276,11128.065360102992,10817.874722799244,11043.95915221604,31522883375.357475
2020-06-10 00:00:00+00:00,11068.850386119717,11242.97504755211,10976.676665519875,11091.251571637666,40772458003.77598
2020-06-11 00:00:00+00:00,11125.739734476228,11259.556603251096,10946.059409230747,11144.115576725131,40484865820.52237
2020-06-12 00:00:00+00:00,11143.983612564269,11306.73568309385,11017.492009837491,11212.222810054598,28813112637.08176
2020-06-13 00:00:00+00:00,11204.572678107766,11307.79629475394,11042.948406120426,11176.667248610476,30058438542.67457
2020-06-14 00:00:00+00:00,11169.576170298851,11313.46795661172,10995.960298211929,11240.723639244728,29690549063.4061
2020-06-15 00:00:00+00:00,11256.680495157056,11414.173573729986,11094.446862748246,11307.633664624536,32212859044.317207
2020-06-16 00:00:00+00:00,11345.783230391482,11462.92784791556,11204.20352146132,11329.786079581196,26370304202.555065
2020-06-17 00:00:00+00:00,11325.240515476618,11470.055587890693,11230.12630435402,11327.624542953265,34158646829.78454
2020-06-18 00:00:00+00:00,11294.974182857428,11517.193050309506,11226.197276013349,11391.880084787015,29106134625.070435
2020-06-19 00:00:00+00:00,11406.132400260529,11621.53270869334,11237.051546917475,11567.089558391372,32108378724.01805
2020-06-20 00:00:00+00:00,11569.288155750746,11730.759590560056,11405.849109679648,11658.43247824094,35656945818.860214
2020-06-21 00:00:00+00:00,11700.130210890002,11765.158379860508,11501.495215572151,11624.11957324074,38089792789.93739
2020-06-22 00:00:00+00:00,11616.23856892418,11789.680542536353,11532.04906918916,11627.511022752533,29298209409.97985
2020-06-23 00:00:00+00:00,11657.427929418378,11870.081624146693,11598.924221557489,11753.21744979848,44955590989.911354
2020-06-24 00:00:00+00:00,11759.548782320862,12009.57625704077,11665.118367655215,11901.957674359286,31781326262.88292
2020-06-25 00:00:00+00:00,11868.743187889108,12078.973161811564,11759.276905621113,11913.827985804926,37878635334.636475
2020-06-26 00:00:00+00:00,11913.415688639088,12061.405028780662,11804.758889536137,11974.383759153698,27919592917.739758
2020-06-27 00:00:00+00:00,11983.90714065455,12129.06729805548,11768.646538506076,11923.436297623874,28446191127.591385
2020-06-28 00:00:00+00:00,11927.96105939127,12120.95334248944,11815.72962155447,11999.50328295976,26479294676.409462
2020-06-29 00:00:00+00:00,12007.12609685884,12116.862055626709,11848.648813526952,12026.54401465828,34157475513.508965
2020-06-30 00:00:00+00:00,12035.020669835449,12325.328964681476,11844.612299184197,12201.840487153231,31364486405.883602
2020-07-01 00:00:00+00:00,12225.343160889051,12393.371907737705,12064.52167847808,12291.047522604187,38223095312.52288
2020-07-02 00:00:00+00:00,12297.00751516776,12612.39249170698,12213.795662247292,12489.758667038686,33236501958.65021
2020-07-03 00:00:00+00:00,12476.723311520636,12643.053998072704,12402.173026884102,12462.219169181684,27130129452.63901
2020-07-04 00:00:00+00:00,12441.83640672089,12580.335978230258,12341.739117719102,12484.720608772988,33376821299.963966
2020-07-05 00:00:00+00:00,12501.420050409308,12722.892307496542,12423.170852767567,12597.372511283103,37352812085.48358
2020-07-06 00:00:00+00:00,12625.467198108436,12709.789285777684,12401.506640240064,12537.029496608866,31763398903.894875
2020-07-07 00:00:00+00:00,12512.69755172488,12747.371559700783,12406.712304890418,12652.7838493594,33456928168.982754
2020-07-08 00:00:00+00:00,12631.579838478048,12832.280337299706,12494.180035571824,12700.185579732586,36934642109.61131
2020-07-09 00:00:00+00:00,12688.477694602812,12868.077509978442,12503.992486585134,12754.150691457906,27990540096.54695
2020-07-10 00:00:00+00:00,12765.288659663478,12917.14482092344,12570.806189516432,12806.732166810192,34579579469.06752
2020-07-11 00:00:00+00:00,12799.73681507444,12930.07252542405,12661.767837984416,12729.839552926973,32192480273.919678
2020-07-12 00:00:00+00:00,12724.937389892706,12932.329856234432,12576.254089816295,12764.257967327394,38084776638.48621
2020-07-13 00:00:00+00:00,12721.761389612364,12886.347914095944,12557.930135476912,12702.60013234968,29280551093.682205
2020-07-14 00:00:00+00:00,12701.40897544794,12897.480636801249,12586.204926577637,12809.913534363955,30211014668.681305
2020-07-15 00:00:00+00:00,12833.418606796437,12911.42534894264,12637.295215952716,12755.402542066662,39443978900.83939
2020-07-16 00:00:00+00:00,12760.53620999022,12849.260099071043,12475.634796868031,12566.60808755183,35018226670.87284
2020-07-17 00:00:00+00:00,12591.018088757311,12706.812278514331,12388.80389231856,12528.292825069126,39711700952.379234
2020-07-18 00:00:00+00:00,12546.526812548682,12709.731227720744,12380.277960710297,12527.519824534244,40508769019.09249
2020-07-19 00:00:00+00:00,12459.619221996443,12741.255065220512,12429.331038554636,12541.30019181891,34237882984.213066
2020-07-20 00:00:00+00:00,12520.58641319837,12714.640318401578,12420.988095684374,12471.212966632862,35343356921.38973
2020-07-21 00:00:00+00:00,12482.900296835807,12605.525327038316,12331.93836843784,12390.298796045943,40400948581.02618
2020-07-22 00:00:00+00:00,12401.193945832008,12545.867186799258,12245.065736151251,12391.605897767062,41019218775.40385
2020-07-23 00:00:00+00:00,12414.2673370411,12623.249545895924,12303.608234553803,12474.650022864464,30671247372.38712
2020-07-24 00:00:00+00:00,12491.453728164612,12648.394348991313,12299.702977668328,12522.11697496071,40409339756.91563
2020-07-25 00:00:00+00:00,12561.093072552894,12644.205436941846,12274.352126704163,12458.84567568929,38352521215.64576
2020-07-26 00:00:00+00:00,12415.398886982268,12609.74277983508,12308.519635750876,12525.338539710863,42197478026.21366
2020-07-27 00:00:00+00:00,12545.030947341467,12685.066000598708,12406.350887623696,12661.035732004935,38002853666.19769
2020-07-28 00:00:00+00:00,12634.86927440391,12834.453692042433,12517.12799861215,12715.39754629984,38735779454.076965
2020-07-29 00:00:00+00:00,12727.584103064868,12954.66200797163,12588.755144520956,12871.15598935997,29924356392.567444
2020-07-30 00:00:00+00:00,12846.3833064828,13242.572785939352,12740.26591971593,13025.609514580128,32045333851.405956
2020-07-31 00:00:00+00:00,13032.765590329223,13173.454275704922,12884.07229444321,12981.25226569758,39451925983.83267
2020-08-01 00:00:00+00:00,13002.250010948912,13166.29023447488,12784.34272764939,12934.75852818611,30871132520.17152
2020-08-02 00:00:00+00:00,12931.4112942622,13108.16128990938,12712.45044138501,12829.18454477615,36802268807.336754
2020-08-03 00:00:00+00:00,12801.320065777383,12965.753405337726,12707.079916381805,12881.698535020772,37167968417.76425
2020-08-04 00:00:00+00:00,12900.981720344676,13126.577065923148,12757.185447053203,12933.180127646456,36841686232.98375
2020-08-05 00:00:00+00:00,12926.26391340423,13170.291467608047,12787.10513242054,12977.759040486832,34257609045.99183
2020-08-06 00:00:00+00:00,12933.425257227264,13062.939374390113,12787.34871558362,12949.777220072525,42137064826.66312
2020-08-07 00:00:00+00:00,12947.304917444775,13234.548748646936,12867.566935812436,13108.758475239843,35784334948.687386
2020-08-08 00:00:00+00:00,13095.010053552993,13308.258743944643,12932.537645113083,13169.950226593097,30004955102.66877
2020-08-09 00:00:00+00:00,13123.39646472772,13323.763669743545,12928.146894748155,13212.149465440494,39725949217.63666
2020-08-10 00:00:00+00:00,13199.831790957527,13456.074097679391,13120.11485677218,13339.630831159398,37918542144.62726
2020-08-11 00:00:00+00:00,13313.403215321026,13651.553710985683,13224.949827976514,13499.332991889523,45215726884.3199
2020-08-12 00:00:00+00:00,13496.936672780228,13743.812223497724,13406.971255547218,13586.153767246878,39497956198.8198
2020-08-13 00:00:00+00:00,13600.009869703646,13714.41966630075,13326.45362659808,13531.091821725076,26448504196.46898
2020-08-14 00:00:00+00:00,13556.324756846812,13722.118369785294,13331.07668359134,13502.177099677783,36036486416.226944
2020-08-15 00:00:00+00:00,13508.152871275928,13764.259091045154,13366.8338925791,13608.8054448703,31199974428.927643
2020-08-16 00:00:00+00:00,13637.85415095745,13890.237167910222,13516.73258324469,13713.386595992635,34495946387.875755
2020-08-17 00:00:00+00:00,13734.157540484524,13853.247568837483,13504.085176291728,13711.369927180089,40407824486.80188
2020-08-18 00:00:00+00:00,13720.42591387262,13866.329827454658,13602.569052611694,13664.428602029995,33989408365.233353
2020-08-19 00:00:00+00:00,13721.692218594624,13831.63738098981,13537.208164819482,13685.799651911037,26786574598.977997
2020-08-20 00:00:00+00:00,13701.942132777423,13856.272683475212,13529.228621795524,13760.667676726882,29578769137.25218
2020-08-21 00:00:00+00:00,13771.283768367492,13882.667070722806,13559.274045674463,13705.783801520758,29778421829.535057
2020-08-22 00:00:00+00:00,13726.319755597331,13865.1964750459,13546.883277753132,13716.666152637665,36164766963.77755
2020-08-23 00:00:00+00:00,13739.169605721409,13926.187587751649,13631.466164431276,13805.983858783782,39501132925.56437
2020-08-24 00:00:00+00:00,13845.39746391263,14057.25556239096,13679.823862634024,13919.995407267372,30579870565.04637
2020-08-25 00:00:00+00:00,13912.926412988896,14148.098994928774,13782.47568988966,13944.44488835748,38101040764.204544
2020-08-26 00:00:00+00:00,13902.612064667155,14125.90531471865,13765.373348862688,14015.848943331082,35816536537.73515
2020-08-27 00:00:00+00:00,14050.940512780811,14295.46392554246,13876.319737272706,14047.8721758826,37761680902.26321
2020-08-28 00:00:00+00:00,14007.879570607727,14429.331429660766,13891.630895512091,14168.32979512661,37015533320.85582
2020-08-29 00:00:00+00:00,14160.20908481299,14360.087650125097,14011.726164415446,14138.214175674755,37131236254.54386
2020-08-30 00:00:00+00:00,14145.434705520918,14377.121454944878,14032.09615564506,14205.435731306992,34415232367.15022
2020-08-31 00:00:00+00:00,14261.618446225291,14494.181680391324,14081.058923483948,14359.6217948226,43991019506.125374
2020-09-01 00:00:00+00:00,14368.471352992256,14547.192865464638,14254.892011037457,14413.816659313705,32241440791.009113
2020-09-02 00:00:00+00:00,14430.49610647412,14623.384170373694,14174.662839769657,14462.484811323766,29481257790.74843
2020-09-03 00:00:00+00:00,14452.111136411697,14774.203849003943,14309.23181464885,14700.097119616334,35014432584.53088
2020-09-04 00:00:00+00:00,14673.457403105618,15035.498892696509,14619.749439931677,14933.395064429202,30795083913.392265
2020-09-05 00:00:00+00:00,14897.611154082248,15257.354934438546,14765.678315133577,15082.895286297042,30116982731.222134
2020-09-06 00:00:00+00:00,15054.303077040791,15388.730325897195,14953.025846899449,15249.34775131275,34503382172.02877
2020-09-07 00:00:00+00:00,15287.547571359915,15391.655792727392,15058.469627802117,15181.38184292204,42428313597.73257
2020-09-08 00:00:00+00:00,15193.28657259117,15267.56014202942,14938.548297687288,15058.198686687658,31373271448.36948
2020-09-09 00:00:00+00:00,15044.354173078442,15284.489296275044,14840.274150157757,15070.697910837564,28663193164.365433
2020-09-10 00:00:00+00:00,15059.465480212491,15368.926513138054,14894.432453530386,15148.85204601919,28681974550.189903
2020-09-11 00:00:00+00:00,15175.068525587918,15405.891704764756,14955.51404300689,15210.0460152428,39041167183.52097
2020-09-12 00:00:00+00:00,15262.915698031318,15500.078138672716,15117.55394533049,15342.823172011576,32138093884.31383
2020-09-13 00:00:00+00:00,15323.381233727854,15508.55261242317,15118.82400403926,15321.35383920886,37842541442.23477
2020-09-14 00:00:00+00:00,15300.362834794176,15589.908388640428,15166.236115162328,15443.904782878875,41406669389.950905
2020-09-15 00:00:00+00:00,15448.404436814402,15594.65607572474,15272.739902714911,15482.07473603828,28423987622.23834
2020-09-16 00:00:00+00:00,15437.119321390548,15734.842545400252,15314.172354930695,15483.660109681365,31938326591.672493
2020-09-17 00:00:00+00:00,15444.265503271346,15624.787109268897,15277.060588912227,15451.274963526725,34439305827.79602
2020-09-18 00:00:00+00:00,15419.991490611925,15523.709973311144,15243.477412018468,15388.365144768572,31099556129.939137
2020-09-19 00:00:00+00:00,15280.40178875286,15606.313579201807,15194.36017534134,15462.2054069655,31358151545.885418
2020-09-20 00:00:00+00:00,15486.625026377234,15695.280334793242,15346.195720217907,15582.786931403138,31058889959.99948
2020-09-21 00:00:00+00:00,15614.853019131488,15866.972510848584,15395.207766273694,15697.540332799745,43199204398.47552
2020-09-22 00:00:00+00:00,15701.143552916084,15889.440397475111,15544.254373537016,15650.775837943063,34036923982.333836
2020-09-23 00:00:00+00:00,15681.89168996097,15861.355990392616,15429.755003851767,15543.585909536592,34298766108.31059
2020-09-24 00:00:00+00:00,15538.42162623665,15720.10498281994,15317.939750283163,15522.63292098823,33077729938.691967
2020-09-25 00:00:00+00:00,15522.0838263223,15742.91289221745,15421.10770157471,15611.77928503924,34901807024.19562
2020-09-26 00:00:00+00:00,15628.119062672667,15972.436529096578,15502.845981713752,15809.29217019404,36359796507.15441
2020-09-27 00:00:00+00:00,15810.494991845648,16109.867564865091,15683.645312301662,15989.548061114048,31615966585.75975
2020-09-28 00:00:00+00:00,15939.89344040029,16210.725800775856,15799.392575133226,15976.252857898113,35861282276.49168
2020-09-29 00:00:00+00:00,15958.022305081708,16301.074500795346,15725.408084855784,16137.756981295355,38248054507.65082
2020-09-30 00:00:00+00:00,16071.824992518872,16312.681378716685,15855.210742038566,16035.04255464132,38735153364.14853
2020-10-01 00:00:00+00:00,16055.565818490742,16314.72363263362,15894.30080735199,16157.899517988995,40720726790.02156
2020-10-02 00:00:00+00:00,16160.034689658169,16452.85703166407,15889.38363170453,16343.419847011632,34465949709.034454
2020-10-03 00:00:00+00:00,16371.482071793243,16603.929092603365,16157.941882829808,16488.05118513563,32182567791.04402
2020-10-04 00:00:00+00:00,16507.773164528648,16874.4717418918,16307.670336847885,16721.012801214216,40304996712.21888
2020-10-05 00:00:00+00:00,16695.50865160869,16855.648376337,16365.508083313702,16538.600848242542,39506753440.74563
2020-10-06 00:00:00+00:00,16543.626499719412,16729.28797784188,16271.290534525138,16452.967633770175,31091298567.004524
2020-10-07 00:00:00+00:00,16438.266468437134,16778.58279980694,16203.439414873486,16535.3110728411,38333659259.72112
2020-10-08 00:00:00+00:00,16549.018634630742,16695.02116351729,16321.141329675804,16469.98181841138,31022544252.334106
2020-10-09 00:00:00+00:00,16478.01178710901,16676.355418651743,16238.41393919723,16516.5455672732,29956485235.71817
2020-10-10 00:00:00+00:00,16534.6044751383,16789.74118973091,16352.496813443806,16668.756246039287,30496871948.43634
2020-10-11 00:00:00+00:00,16688.45948814404,16884.03532187579,16441.469504961005,16679.077228442166,38476190752.2403
2020-10-12 00:00:00+00:00,16655.106217426972,16839.60881567879,16512.509961294894,16633.81386901821,34630241876.253334
2020-10-13 00:00:00+00:00,16700.921246999354,17088.320333713924,16508.907125835118,16913.152157555996,34165958583.68674
2020-10-14 00:00:00+00:00,16914.3079338085,17118.428859610878,16634.65494565048,16787.03151913855,36994735052.37938
2020-10-15 00:00:00+00:00,16783.039802030235,17067.030722144074,16670.91665527383,16862.423742985964,35725544606.80833
2020-10-16 00:00:00+00:00,16853.188170658177,17163.0441337887,16719.464341222603,16917.1928126593,36792270760.03929
2020-10-17 00:00:00+00:00,16915.232114101465,17131.366557872967,16798.89004735143,16945.808249329948,28145940003.83087
2020-10-18 00:00:00+00:00,16961.836949993994,17344.3156639142,16732.395461720767,16935.76357526113,46740691180.28915
2020-10-19 00:00:00+00:00,16976.848207547642,17152.659885783985,16766.54903999305,16963.695811276113,36723498925.966736
2020-10-20 00:00:00+00:00,16968.167616722974,17261.887012806452,16842.091391360915,17175.056551144095,34310503900.116447
2020-10-21 00:00:00+00:00,17187.11086157645,17468.007974085274,17035.209466094948,17313.814970995554,29282895602.044373
2020-10-22 00:00:00+00:00,17334.325515931243,17614.371867627335,17191.423869390455,17393.565803248577,36910024921.8521
2020-10-23 00:00:00+00:00,17444.133092206044,17665.528082606175,17275.663972798502,17316.831071676308,33169458156.635773
2020-10-24 00:00:00+00:00,17343.338789378166,17453.260469427943,17084.328603549056,17263.696419729982,33860241398.238434
2020-10-25 00:00:00+00:00,17251.87199407495,17450.67329465061,17072.12083976829,17223.71750181796,33352287837.9253
2020-10-26 00:00:00+00:00,17215.032795027626,17493.422538363404,16989.559847827637,17235.533753122123,34367013798.12485
2020-10-27 00:00:00+00:00,17241.198828547815,17519.170964108813,17047.06801905564,17250.24848303179,37251559300.38066
2020-10-28 00:00:00+00:00,17284.328105240722,17500.490917421423,17000.671129765953,17300.062408452166,30918828617.731056
2020-10-29 00:00:00+00:00,17305.161837677202,17617.212689913256,17109.367990766394,17388.222807866136,27400405050.98721
2020-10-30 00:00:00+00:00,17357.747010529798,17581.892864082554,17262.413441297096,17438.953548445108,34389585939.48511
2020-10-31 00:00:00+00:00,17453.226090499185,17606.776832934316,17152.584316417735,17382.989821866173,31424794637.832447
2020-11-01 00:00:00+00:00,17403.6870240306,17665.24190023542,17194.874449357012,17515.359253156435,28004060419.351402
2020-11-02 00:00:00+00:00,17509.184523490923,17716.980103446156,17163.026974239223,17528.075863571506,29502583933.67624
2020-11-03 00:00:00+00:00,17611.07421961542,17884.70260922592,17329.28930554623,17582.209629676607,32326694387.59602
2020-11-04 00:00:00+00:00,17609.12131661357,17769.62865212887,17315.510100052434,17664.03445973588,34543581501.22586
2020-11-05 00:00:00+00:00,17662.10121543821,18005.91401468714,17578.33019643779,17746.75913320347,30052147491.37396
2020-11-06 00:00:00+00:00,17727.52036182849,17972.559196212147,17559.64331924935,17808.096268381076,34798068761.9897
2020-11-07 00:00:00+00:00,17820.588512483268,18123.907114563008,17748.159210625123,17973.41729142075,29869051922.146496
2020-11-08 00:00:00+00:00,17985.209108593124,18137.89092454253,17711.88680064697,17892.046607388867,32666426565.850487
2020-11-09 00:00:00+00:00,17909.987192023305,18056.57601915344,17679.345282043407,17956.64362565274,34093593092.089813
2020-11-10 00:00:00+00:00,17930.133732190076,18223.93245571404,17784.294371393284,18015.481975585702,27831756418.35066
2020-11-11 00:00:00+00:00,18003.44298864382,18327.856306508613,17899.240833109325,18145.586347482367,27452497794.86717
2020-11-12 00:00:00+00:00,18090.10363822618,18339.308258983867,17858.959335811793,18181.033088424607,29848231464.529877
2020-11-13 00:00:00+00:00,18168.36136620392,18545.796030527294,18023.867260597603,18373.9356091802,35913733726.50038
2020-11-14 00:00:00+00:00,18426.55417177925,18529.090270182063,18055.00171451287,18213.27478682803,37634715041.96698
2020-11-15 00:00:00+00:00,18234.16565858685,18446.49739554771,18026.188435914,18182.743105177407,29120044368.645096
2020-11-16 00:00:00+00:00,18156.50348268169,18276.77974509205,17861.444000939166,18201.318613730364,28421930951.864197
2020-11-17 00:00:00+00:00,18179.67925585722,18500.08695449488,18066.857017755832,18313.82769253177,43091871529.54941
2020-11-18 00:00:00+00:00,18264.295479626933,18589.7457653434,18103.939203697217,18463.058941463867,31142781687.984615
2020-11-19 00:00:00+00:00,18502.393620076487,18815.50281465944,18336.008582636638,18605.210197359236,40731265385.06904
2020-11-20 00:00:00+00:00,18631.796160535145,18815.56638202624,18397.39645098695,18617.60005153756,37169188154.911896
2020-11-21 00:00:00+00:00,18602.45182386176,18934.533516521213,18415.780584098044,18720.363040658893,39420013275.90287
2020-11-22 00:00:00+00:00,18798.85090929505,18920.08430642149,18343.59944503194,18570.862619207637,42892616862.33575
2020-11-23 00:00:00+00:00,18573.19487523848,18856.20370817342,18376.408108367523,18633.58698663851,29900517090.022423
2020-11-24 00:00:00+00:00,18704.79748191504,18990.03379377501,18500.702985286,18773.49522396181,38099838841.519936
2020-11-25 00:00:00+00:00,18814.556219592105,18965.729100947927,18528.038396212876,18756.61311734846,39233891511.20762
2020-11-26 00:00:00+00:00,18762.195197408146,19064.441469669124,18567.162427602907,18872.30620771069,40457206412.74132
2020-11-27 00:00:00+00:00,18883.97668267573,19081.215105670075,18724.354378974167,18985.58714719477,32155459600.36337
2020-11-28 00:00:00+00:00,19049.17233054472,19391.32410945393,18882.95585357874,19192.746720642168,34985443251.50725
2020-11-29 00:00:00+00:00,19166.15973002117,19563.48021010635,19052.590741560827,19339.066207620854,33701013379.136887
2020-11-30 00:00:00+00:00,19311.4880883088,19721.40064079001,19067.191334861312,19420.699100294776,32603987520.402523
2020-12-01 00:00:00+00:00,19423.798286297948,19856.24353906061,19329.57690627491,19784.484010195247,37920344765.06441
2020-12-02 00:00:00+00:00,19783.682796095247,20367.340150903216,19656.53737078862,20221.96893806546,32091812552.021526
2020-12-03 00:00:00+00:00,20217.319820526704,20496.900169146924,19982.98175172669,20377.36035297197,37884491586.12674
2020-12-04 00:00:00+00:00,20345.930136229083,20728.98018212223,20206.820797127613,20535.18198027564,33340853761.612827
2020-12-05 00:00:00+00:00,20537.65291600421,21025.849062843303,20432.623775585227,20839.414874627884,30009830373.83218
2020-12-06 00:00:00+00:00,20863.04095477509,21247.35897896662,20692.60428957043,21082.19459130884,30234192459.148804
2020-12-07 00:00:00+00:00,21053.63775847897,21500.18381097093,20861.20773956677,21098.877387593835,33622815194.499577
2020-12-08 00:00:00+00:00,21132.16677702213,21538.38906581557,20938.219938755217,21361.244187983422,35526879031.21884
2020-12-09 00:00:00+00:00,21385.577043642457,21777.80935427646,21151.4776658192,21587.846914823607,30047660497.961575
2020-12-10 00:00:00+00:00,21592.76145134941,21892.60640288124,21434.3995346634,21727.32523856818,45923128173.02034
2020-12-11 00:00:00+00:00,21742.598637958643,22158.79186358697,21560.348316133088,21990.72942052996,36771948007.08473
2020-12-12 00:00:00+00:00,21997.332543467117,22187.05164856052,21647.297835940917,22042.302344353324,36891933882.96997
2020-12-13 00:00:00+00:00,22019.43227805885,22413.9660390797,21813.45766100989,22215.028256985745,40976103247.67002
2020-12-14 00:00:00+00:00,22240.6712808486,22782.26780336475,22003.473724235017,22572.076421466765,34856800517.52468
2020-12-15 00:00:00+00:00,22630.19981750056,22942.851084453407,22197.33818236793,22611.724921491383,38841994272.40453
2020-12-16 00:00:00+00:00,22620.16819066517,23182.18254479424,22501.58730222872,23000.23014745933,34283888885.7024
2020-12-17 00:00:00+00:00,23073.71510702157,23463.282660199184,22797.62347801816,23116.462166584675,38523207677.43047
2020-12-18 00:00:00+00:00,23099.08576576288,23533.23821036782,22823.926667562413,23202.45957007303,39564105622.81991
2020-12-19 00:00:00+00:00,23208.960058124216,23659.57632475061,22978.209518746437,23493.00792405569,32229370377.698833
2020-12-20 00:00:00+00:00,23529.62992882569,24449.486605380123,23489.20330024872,24249.98621647421,33294043181.741207
2020-12-21 00:00:00+00:00,24272.86212575015,24824.18287237567,24125.762106847906,24643.76088918573,35638624328.375984
2020-12-22 00:00:00+00:00,24648.501986086307,25068.770701087866,24431.06062244933,24703.1359749312,36392672583.25901
2020-12-23 00:00:00+00:00,24729.067281679803,25381.799856450416,24509.07311520861,25011.50634399685,35716070670.125305
2020-12-24 00:00:00+00:00,25077.96118349703,25544.5937944762,24763.479573935954,24944.6274975947,41024004605.03045
2020-12-25 00:00:00+00:00,25034.949029377687,25401.83339949438,24734.06985813478,25161.80882573473,36867225697.25624
2020-12-26 00:00:00+00:00,25115.00020381362,25524.40571753591,24920.110301959463,25431.59554100997,41814164888.25155
2020-12-27 00:00:00+00:00,25467.32485988751,25714.66826102488,25197.58004159473,25488.60310143937,32137340406.24478
2020-12-28 00:00:00+00:00,25511.19644855648,25922.29178872418,25247.00037087776,25748.69798836968,37052834981.16748
2020-12-29 00:00:00+00:00,25721.89549991597,26177.624296438848,25514.88873329268,26011.70373865208,39240514089.67337
2020-12-30 00:00:00+00:00,26011.55522824753,26337.24890141039,25731.05055166708,26091.000914728404,32628831514.433647
2020-12-31 00:00:00+00:00,26084.14804168792,26759.593722927548,25812.015078682965,26584.385556082118,26726095111.485237
2021-01-01 00:00:00+00:00,26612.561611459365,27374.38880913495,26400.878213809465,27192.698399009536,38016811497.726974
2021-01-02 00:00:00+00:00,27226.95418039134,27552.308026918847,26951.77984795681,27339.69389876411,33524426245.286335
2021-01-03 00:00:00+00:00,27368.4161446282,27865.646808320314,27118.07418954632,27597.3497367626,39362701281.14802
2021-01-04 00:00:00+00:00,27638.99547621624,27871.74882587339,27288.20795682557,27622.82469757324,32107213585.809452
2021-01-05 00:00:00+00:00,27635.592757490896,28513.954951627125,27483.41654330329,28124.32057962798,31238296681.839687
2021-01-06 00:00:00+00:00,28136.99244930345,28478.10952032936,27699.48416428796,28090.64084256408,34762808823.116684
2021-01-07 00:00:00+00:00,28059.914736667462,28598.831196050854,27851.97894497225,28432.39910350538,33610145830.13395
2021-01-08 00:00:00+00:00,28415.866332816848,29295.276211660537,28300.97718400302,28966.21504632592,33383135536.205624
2021-01-09 00:00:00+00:00,29017.39839461543,29731.039293585796,28682.879965163535,29395.930349335384,39558412854.84095
2021-01-10 00:00:00+00:00,29409.67730148324,29851.349456386644,29206.14609237038,29585.075258145105,39443896831.72167
2021-01-11 00:00:00+00:00,29609.38961836312,29888.23245763996,29256.43510708704,29643.2580195857,37108264313.12029
2021-01-12 00:00:00+00:00,29680.93833854305,30449.770837138916,29348.171661159507,30027.276340684155,29374220153.19578
2021-01-13 00:00:00+00:00,30022.62066989696,30607.147482568296,29747.25929693712,30301.3995524645,35443730719.10102
2021-01-14 00:00:00+00:00,30175.75531106648,30825.461985200192,29887.582273116503,30643.44178504489,34539071649.995605
2021-01-15 00:00:00+00:00,30686.46099005454,31270.10557275805,30241.32006577384,30893.724765540344,30841231080.174335
2021-01-16 00:00:00+00:00,30896.162497064608,31455.52467364184,30530.97237734096,30974.39516934262,33088504963.21316
2021-01-17 00:00:00+00:00,31002.584804081987,31692.63627836929,30573.479576654405,31457.524032486817,45774347147.64966
2021-01-18 00:00:00+00:00,31471.51885880845,31975.6149072828,31114.838618732887,31661.80488435177,46301359330.48713
2021-01-19 00:00:00+00:00,31600.111781329382,32286.942755183834,31344.88001244204,32015.96654305609,28789921485.187195
2021-01-20 00:00:00+00:00,32063.848275131146,32688.55194790856,31768.08653988168,32426.255267530585,33377749444.624966
2021-01-21 00:00:00+00:00,32508.72237573785,33212.842864410675,32254.92505522597,32852.42857292873,32814597766.787365
2021-01-22 00:00:00+00:00,32830.6818519437,33096.0664494129,32162.25427984282,32454.486354866647,47059310412.54241
2021-01-23 00:00:00+00:00,32465.021841173468,33150.96884750689,32102.14450862734,33001.801773383595,38654608297.863716
2021-01-24 00:00:00+00:00,33105.82725832447,33490.23212328587,32682.83851919187,33318.53084510702,32343375596.444565
2021-01-25 00:00:00+00:00,33296.83194658311,33851.74853894345,32922.703580733265,33522.46526472478,37513173976.35251
2021-01-26 00:00:00+00:00,33572.370594093365,34254.173671249904,33203.90189323138,33915.59166351636,33776106560.14164
2021-01-27 00:00:00+00:00,33961.26539454724,34782.90556049821,33602.01405627986,34551.5170259445,33093759045.134014
2021-01-28 00:00:00+00:00,34531.71894342564,34858.89127348341,33958.35448212304,34377.63894600067,34389786068.27558
2021-01-29 00:00:00+00:00,34492.473131859035,35077.13318596888,34072.03997206402,34706.09476310141,49098177847.97212
2021-01-30 00:00:00+00:00,34687.92572187347,35356.536162068354,34457.76788821285,35122.51259860701,29525138332.86673
2021-01-31 00:00:00+00:00,35111.199697354365,35743.005952040774,34892.33433789087,35505.000738037874,29624581005.541416
2021-02-01 00:00:00+00:00,35484.848748742246,35793.00257216498,34648.3697061383,34950.65131548778,37946112214.226105
2021-02-02 00:00:00+00:00,34985.52951067793,35703.428470184204,34591.15352357651,35440.48616043595,33709313293.64662
2021-02-03 00:00:00+00:00,35517.243455247786,36000.81876957402,35013.78666655046,35589.14240754523,33537309167.709877
2021-02-04 00:00:00+00:00,35677.87163606155,36077.12888773168,35218.80248749739,35653.886446846926,43685658204.52309
2021-02-05 00:00:00+00:00,35635.4194086738,36118.97001155844,35195.43484573892,35570.825623606084,29622923552.001625
2021-02-06 00:00:00+00:00,35456.345801448166,36108.241007298064,35190.2690253438,35889.060248975475,31038714465.85005
2021-02-07 00:00:00+00:00,35805.191300939056,36253.854789776255,35451.19866903268,35944.43502700992,38037808993.86812
2021-02-08 00:00:00+00:00,36055.07664880002,36634.2879096356,35802.961570871674,36371.83933342868,35282455570.01891
2021-02-09 00:00:00+00:00,36367.192424811445,36803.17858698952,35829.1041465948,36271.38526110112,36280271820.85772
2021-02-10 00:00:00+00:00,36341.63506545415,37301.41208738053,36254.11195751847,36843.09516967765,35780726059.096115
2021-02-11 00:00:00+00:00,36701.68896575482,37403.838384667695,36402.12810992829,37224.90138243196,30737629340.019035
2021-02-12 00:00:00+00:00,37245.11694699415,37751.08449486555,36763.28210187471,37544.58019553602,39760993313.15198
2021-02-13 00:00:00+00:00,37529.69584947021,38182.82990156675,37285.83763857208,37593.69689165832,34553269818.89783
2021-02-14 00:00:00+00:00,37604.73247996136,38334.37762984064,37237.909396759766,38111.34984770784,33907237879.367313
2021-02-15 00:00:00+00:00,38002.40320989396,38500.27274609552,37405.362265642536,37997.681401245616,26263635630.475224
2021-02-16 00:00:00+00:00,38068.20664161258,38608.64514294512,37592.94019198744,38325.01517888924,30583977109.10702
2021-02-17 00:00:00+00:00,38274.26782749371,39164.30472971915,38135.609846642285,38861.97627581096,35198895625.756546
2021-02-18 00:00:00+00:00,38861.20257218437,39702.6830813402,38272.01263681051,39341.67554676559,39364440901.639175
2021-02-19 00:00:00+00:00,39337.771981995495,40396.486550436784,39090.8125069282,39720.33768757043,36641387024.07872
2021-02-20 00:00:00+00:00,39763.63384541366,40344.36229018904,39403.5447951013,40211.027921439,35510881097.990715
2021-02-21 00:00:00+00:00,40253.92000997646,40911.82876773265,39988.368205426494,40408.52020848533,42142727199.27007
2021-02-22 00:00:00+00:00,40465.253836656375,41240.16129085333,40162.79325260208,40816.37884667466,37247791017.8975
2021-02-23 00:00:00+00:00,40819.20198007381,41766.83614760712,40500.8057515708,41416.39703143271,41686325671.22604
2021-02-24 00:00:00+00:00,41509.47106128275,42133.05283901972,41119.83757083457,41904.70711200794,42378646320.201324
2021-02-25 00:00:00+00:00,42026.05153239282,42647.57704030229,41432.84598352702,42125.06818325116,40139687929.26047
2021-02-26 00:00:00+00:00,42229.905349124085,42711.9609067985,41496.20151322216,41793.594004047336,43930599906.47614
2021-02-27 00:00:00+00:00,41907.75782813641,42728.44411498703,41495.159463445605,42294.7819565149,35343244106.357414
2021-02-28 00:00:00+00:00,42140.2004547737,43110.052100552246,41622.215435751896,42761.159353670446,31426658350.819904
2021-03-01 00:00:00+00:00,42737.66096414029,43592.05316114212,42378.01263961157,43062.97173650639,37266144632.77889
2021-03-02 00:00:00+00:00,42856.786120130935,43715.42331527204,42618.54591683312,43477.97737910485,27913487757.30066
2021-03-03 00:00:00+00:00,43443.82513886684,44534.32644808719,43137.82363141528,44191.49637266765,40036545498.31192
2021-03-04 00:00:00+00:00,44194.64318138642,44995.02777312663,44017.37187447894,44754.77225641974,34764219970.6006
2021-03-05 00:00:00+00:00,44805.92267208561,45826.45438336257,44367.57399738657,45429.838257940464,32855048227.596375
2021-03-06 00:00:00+00:00,45442.19021893384,46104.47641159235,45001.41864930688,45592.57033652222,42416989874.05082
2021-03-07 00:00:00+00:00,45766.51125260066,46321.73980126069,45382.88270826485,46047.312140528586,39166851252.017624
2021-03-08 00:00:00+00:00,46076.2828891981,46761.9267776993,45562.100080297416,46241.87953833183,28447366936.543625
2021-03-09 00:00:00+00:00,46235.291376266185,47520.07615565296,45979.68797104988,46837.90162548951,32593441988.65714
2021-03-10 00:00:00+00:00,46891.99521058051,47644.37257023131,46584.485673858886,47447.21674583668,31859651408.92814
2021-03-11 00:00:00+00:00,47648.48807005504,47969.99184295343,47112.62294664309,47697.521278924185,43563084753.08103
2021-03-12 00:00:00+00:00,47729.45646233957,48730.88119268691,47354.41293241186,48280.65344536833,34039127198.57117
2021-03-13 00:00:00+00:00,48438.35828281372,49370.2218415907,47941.48066508008,48745.91560371228,42861163015.16991
2021-03-14 00:00:00+00:00,48754.02726051012,49703.69480402836,48259.97309012838,49220.87883170516,28497382995.135574
2021-03-15 00:00:00+00:00,49271.15970402992,50027.25062689729,48607.38001473896,49291.492752831065,33235775995.735405
2021-03-16 00:00:00+00:00,49341.708111894535,50154.48176748608,48731.20699734221,49670.39611785093,39150273012.55371
2021-03-17 00:00:00+00:00,49602.30031398855,50622.067917820765,49384.76896834374,50138.004250317485,29047688129.95209
2021-03-18 00:00:00+00:00,50023.29025500876,50698.16921790249,49340.87190273281,50113.96915637394,30757343812.276543
2021-03-19 00:00:00+00:00,50236.69404335637,51002.5966988949,49469.88599699963,50600.11895492838,41397160837.33525
2021-03-20 00:00:00+00:00,50620.22135359973,51244.95318313798,50060.485601031134,50834.15293848538,37979413014.758606
2021-03-21 00:00:00+00:00,50792.647890186425,51439.026982168674,50130.408516846685,50997.45990494602,30723771537.875618
2021-03-22 00:00:00+00:00,50977.2288470213,51999.17455285451,50590.04786433825,51528.18313929936,39870851225.46869
2021-03-23 00:00:00+00:00,51609.96101352372,52073.4070154044,50942.39694135477,51749.56215122561,30244023931.76334
2021-03-24 00:00:00+00:00,51820.36025883452,52584.90223287659,51144.40605383896,51990.68247111791,34686733180.42101
2021-03-25 00:00:00+00:00,52025.71333811394,53060.61449828444,51496.19433284716,52549.55431501516,31616766055.436855
2021-03-26 00:00:00+00:00,52544.1687637806,53338.649530684575,52054.90173949175,52848.88302526295,30909517119.968403
2021-03-27 00:00:00+00:00,52830.10472613096,53484.23564475504,52192.79193698031,53090.93679316845,33117832899.51383
2021-03-28 00:00:00+00:00,53137.781319803216,53987.146190638734,52174.78707877759,53388.06511778562,26902236556.810104
2021-03-29 00:00:00+00:00,53243.791009466026,54234.77357644296,52550.14322691869,53830.45069425827,33995269898.358265
2021-03-30 00:00:00+00:00,53877.30035296605,54538.32477626673,53069.47371755477,54053.99192116956,37452631519.865875
2021-03-31 00:00:00+00:00,54001.76577685707,54720.671106515016,53396.51149478065,54129.88950882422,31260614891.714973
2021-04-01 00:00:00+00:00,54153.67588040395,55382.97396796708,53661.91745060576,55001.12705110768,39982950495.70811
2021-04-02 00:00:00+00:00,54847.17801937132,55723.896878406864,54492.12840260478,55106.123577507984,30382528711.94388
2021-04-03 00:00:00+00:00,55172.649250516864,56879.46619369406,54557.75393707038,56130.806416145446,40105103193.91022
2021-04-04 00:00:00+00:00,56208.36911133441,56765.72619028419,55574.926982828605,56224.487100531696,28541944163.78608
2021-04-05 00:00:00+00:00,56174.50370390718,57008.09701105786,55585.10842177656,56638.6610310962,44208649162.13465
2021-04-06 00:00:00+00:00,56650.60715845358,57578.24344321567,56032.92944076607,57070.40344555697,31870098149.69085
2021-04-07 00:00:00+00:00,57151.93098554947,58031.00767231383,56790.031038940426,57533.13104237377,36024582472.92228
2021-04-08 00:00:00+00:00,57693.26820566957,58734.58020507096,57189.162088718986,58373.13841147549,40754166876.110146
2021-04-09 00:00:00+00:00,58317.01892067168,59369.33181677976,57922.9048998608,58729.17372139659,35687454723.81467
2021-04-10 00:00:00+00:00,58737.61223150693,59375.826318467,57787.52965649956,58321.59987559294,29091127420.919205
2021-04-11 00:00:00+00:00,58364.69789131182,59725.310997235545,57939.70847628907,59110.98388194239,32705322722.688442
2021-04-12 00:00:00+00:00,59410.1797102132,60221.08743925964,58092.03523217545,59155.40464417928,34589596738.17487
2021-04-13 00:00:00+00:00,59268.54510862173,59875.21222163183,58443.44925945783,59184.86199376547,35290661949.226166
2021-04-14 00:00:00+00:00,59293.61572460089,59770.50339591195,58241.54980337632,58630.4061387246,30533286323.326775
2021-04-15 00:00:00+00:00,58489.11531707444,58866.331185453295,57628.14009048484,57927.96375003545,40067602177.40996
2021-04-16 00:00:00+00:00,57878.072327550166,58289.811464506645,56605.23146809262,57213.77220384876,36140265380.45725
2021-04-17 00:00:00+00:00,57102.93240807276,57698.28399916384,56371.99563856881,56790.528516145125,26580948247.810318
2021-04-18 00:00:00+00:00,56715.1034317583,56940.58479935616,55331.44535870007,55612.07240711685,32466639828.157547
2021-04-19 00:00:00+00:00,55417.85948552239,56014.36189984273,54717.50090978827,55544.41742508679,40600948426.63225
2021-04-20 00:00:00+00:00,55413.35052059492,55996.27421793476,54197.19173370712,54920.66976675113,32679300327.961494
2021-04-21 00:00:00+00:00,54850.35826560414,55373.3582695286,53971.91626859014,54565.60215798398,32789116262.37329
2021-04-22 00:00:00+00:00,54479.05356327386,54993.39186651844,53310.29990431752,53659.89185821799,35002599532.64998
2021-04-23 00:00:00+00:00,53694.443400446326,54182.98504981012,52829.86011996353,53398.814644963386,40897324420.55452
2021-04-24 00:00:00+00:00,53438.59016112659,53693.29410881389,52095.73955428418,52549.64946040565,39479629184.32978
2021-04-25 00:00:00+00:00,52614.24726803191,52944.2604453242,51695.32576393023,52261.41735437864,35758887291.84788
2021-04-26 00:00:00+00:00,52177.37352749647,52541.70004640912,51476.34431840779,51805.24836466384,32947568651.37074
2021-04-27 00:00:00+00:00,51604.72115795002,51925.23504354353,50705.3397027852,50948.195166605634,32652549876.9183
2021-04-28 00:00:00+00:00,50828.43165651051,51359.220330516095,49995.85240615223,50614.00027344526,37199132161.27693
2021-04-29 00:00:00+00:00,50584.43639296507,51041.567934701256,50038.73626710328,50373.766311574174,33812446749.658085
2021-04-30 00:00:00+00:00,50390.360920126965,50994.03450187137,49489.11656295681,50531.2643417752,37158329403.681595
2021-05-01 00:00:00+00:00,50529.19817640006,51318.98826073949,49213.73798341805,49958.75088840344,36079697876.76863
2021-05-02 00:00:00+00:00,49930.825327044,50584.706329715744,49189.81995811758,49700.85238074485,36852909459.010826
2021-05-03 00:00:00+00:00,49662.84296763442,50080.07930125327,48947.481063692176,49630.68708367013,29867522428.84893
2021-05-04 00:00:00+00:00,49751.42771756091,50242.22079099641,49093.52518200049,49452.65700198831,33249848532.281067
2021-05-05 00:00:00+00:00,49418.8588168999,49660.82249580053,48694.90221226442,48946.31145032761,39654356666.34451
2021-05-06 00:00:00+00:00,49034.46038248846,49814.45379739781,48422.89449460205,48979.01110047245,40462510645.526146
2021-05-07 00:00:00+00:00,48967.07968804309,49344.393832646834,47872.11990119065,48506.59924494084,27580587629.420666
2021-05-08 00:00:00+00:00,48481.90036700831,48909.94883679134,47927.325001702535,48230.36551920416,34522842013.74294
2021-05-09 00:00:00+00:00,48394.31055532966,48880.77191958346,47699.549213310514,48073.95991114974,33594831668.261013
2021-05-10 00:00:00+00:00,48221.2456229635,48364.05604568022,46961.88223260521,47441.56946408507,38565757220.699
2021-05-11 00:00:00+00:00,47353.84803576103,47761.70911095637,46437.48372692025,47011.92202130602,34484145681.97989
2021-05-12 00:00:00+00:00,47107.95018154816,47821.170857096426,46547.196489080285,47010.72513465681,28649949355.567646
2021-05-13 00:00:00+00:00,47128.16057121586,47311.08579294655,45733.32766867206,46266.61247582526,34114353252.682518
2021-05-14 00:00:00+00:00,46348.9565707364,46765.261152957966,45849.25106019661,46096.32387262017,42973781120.21196
2021-05-15 00:00:00+00:00,45877.34623770162,46153.578848194375,44773.864414535245,45374.636617311866,41534723039.09399
2021-05-16 00:00:00+00:00,45400.168086082536,45567.96799462109,44406.86967518009,44863.67660061172,44507874835.089745
2021-05-17 00:00:00+00:00,44850.60839446154,45687.91519466318,44550.61293057162,45142.31920421223,43212053919.19657
2021-05-18 00:00:00+00:00,45325.49167866634,45789.40080290863,44124.77226879679,44483.14940281963,31821091276.579456
2021-05-19 00:00:00+00:00,44481.95471217008,44937.84838022079,43592.39821318908,44224.73325297536,35509234845.34714
2021-05-20 00:00:00+00:00,44246.05685522477,44906.68203301095,43610.65685523871,44074.85333576555,38830327417.72325
2021-05-21 00:00:00+00:00,43963.68466576998,44451.99056964281,43355.533417391314,43886.2258811203,33896685989.078884
2021-05-22 00:00:00+00:00,43730.03020508489,44521.58705413636,43423.45777562482,43582.85108342204,34219074239.491726
2021-05-23 00:00:00+00:00,43465.435306584506,43798.49895556208,42488.10675813879,43051.41925381547,34191998065.69458
2021-05-24 00:00:00+00:00,43133.41537477343,43524.83956310476,42637.28105339341,43022.74479171925,32535233313.875557
2021-05-25 00:00:00+00:00,43135.54700696792,43765.86962591,42495.87034131756,42785.0360954002,32481055803.881554
2021-05-26 00:00:00+00:00,42726.97424803286,43084.10451478544,42010.84623568266,42276.66732288947,38814133347.10572
2021-05-27 00:00:00+00:00,42117.122683204994,42612.11281504328,41107.68365573391,41459.085345178326,39956738083.47968
2021-05-28 00:00:00+00:00,41358.13589436278,41784.24801364747,40721.0319769899,41115.07445919637,38069092025.4494
2021-05-29 00:00:00+00:00,41168.54084943193,41539.61738545592,40541.554878827286,40976.2846139786,40690863739.75457
2021-05-30 00:00:00+00:00,41063.9958457932,41517.754785335455,40373.89636073965,41108.47091155154,34344400114.815826
2021-05-31 00:00:00+00:00,40957.223672566346,41147.67752771015,40227.18330951307,40832.537842327096,35141697467.586975
2021-06-01 00:00:00+00:00,40941.63365068736,41421.11327131682,40151.85127821065,40528.70229982786,35117492595.56434
2021-06-02 00:00:00+00:00,40640.99473630814,40963.78923355173,39922.52793638833,40298.66154991533,44457361581.05873
2021-06-03 00:00:00+00:00,40314.98324158018,40470.20147958211,39264.39706132783,39813.704129172,39888593798.936844
2021-06-04 00:00:00+00:00,39772.98218111794,40018.646609408,38708.40703518808,39073.72711933692,37252517321.90974
2021-06-05 00:00:00+00:00,39082.1119085968,39476.81841332364,38451.895362399344,38704.37548102544,38778948192.19676
2021-06-06 00:00:00+00:00,38703.34314935555,39032.77930696526,38013.32269332942,38506.83113467834,34322301463.91437
2021-06-07 00:00:00+00:00,38552.58351324699,39061.691050869216,37513.3457818162,38157.71557898439,28454248398.902225
2021-06-08 00:00:00+00:00,38002.19787310504,38362.05838974974,37431.0475813352,37764.96630949031,27809897875.53103
2021-06-09 00:00:00+00:00,37836.27157265064,38307.55331081561,37417.82211475174,37695.81157286024,38202985003.3923
2021-06-10 00:00:00+00:00,37619.35721535397,38292.80614774807,37095.70483333649,37697.70877241813,36656956750.13672
2021-06-11 00:00:00+00:00,37685.51549046038,38092.63405821315,37299.87500000016,37589.58523188258,35265644093.210625
2021-06-12 00:00:00+00:00,37510.89288722931,37907.79845830116,36884.57562878606,37276.46504140214,31918736373.490387
2021-06-13 00:00:00+00:00,37437.91101934767,37709.7191024757,36736.91234981681,37139.09826559248,42719066419.07382
2021-06-14 00:00:00+00:00,37013.42951274367,37318.82051787935,36148.91319495795,36553.5750190441,33699360199.785755
2021-06-15 00:00:00+00:00,36609.15936191263,36784.73953919234,35881.58483209166,36110.35040777451,33314354899.62191
2021-06-16 00:00:00+00:00,36150.42537760982,36412.01053352169,35695.28552037792,36021.71911771036,32315592471.06497
2021-06-17 00:00:00+00:00,35985.1055750132,36293.10121486224,35484.71775719257,35912.62717313657,29965949503.69655
2021-06-18 00:00:00+00:00,35805.083847420545,36290.72348477838,35488.30609042322,35919.21789262116,42581884334.28739
2021-06-19 00:00:00+00:00,35926.918133940635,36324.892176008565,35437.2601607938,35932.00960968374,30733303322.70195
2021-06-20 00:00:00+00:00,35873.34014218004,36266.99825542002,35178.86550727899,35495.979431064305,37864657437.05221
2021-06-21 00:00:00+00:00,35528.4442297841,36003.20270224685,35013.39724857507,35259.62257756328,35188299302.759735
2021-06-22 00:00:00+00:00,35265.02364758448,35563.550392238474,34464.745423195585,34791.4281706601,35754290301.3737
2021-06-23 00:00:00+00:00,34840.50517184596,35184.54234674746,34278.318459701666,34591.87122833824,44110998881.80321
2021-06-24 00:00:00+00:00,34590.64729442338,35031.50224924173,34220.36359030461,34486.49313945431,33997200318.468353
2021-06-25 00:00:00+00:00,34553.05568801376,34859.16998350119,34207.642764971766,34426.36563319129,43639653652.41029
2021-06-26 00:00:00+00:00,34470.11785302937,34776.65490446753,33824.43404712563,34139.7298846292,33373847030.184334
2021-06-27 00:00:00+00:00,34173.40573528555,34767.31909370827,33772.8507267503,34149.84310246321,31744093859.764565
2021-06-28 00:00:00+00:00,34017.94207390219,34376.62096379568,33729.87257804138,34108.39001252275,42542512927.65191
2021-06-29 00:00:00+00:00,33981.62348264056,34370.73338932756,33205.04955000598,33642.41335951691,34202662963.743263
2021-06-30 00:00:00+00:00,33666.64350425857,34482.22606399779,33284.90365725257,34152.00740781053,29113941941.85136
2021-07-01 00:00:00+00:00,34149.32208308534,34335.43390906893,33326.83591228797,33750.65461383239,42712334808.03265
2021-07-02 00:00:00+00:00,33747.12276285187,34472.447054144744,33582.488566504064,34041.8734168286,34180296178.419075
2021-07-03 00:00:00+00:00,34026.9410378238,34904.53616473562,33813.21264396482,34494.03016470925,38260728120.03123
2021-07-04 00:00:00+00:00,34541.72827327171,34921.23928305801,34173.59629613436,34613.40429657712,36686988228.15478
2021-07-05 00:00:00+00:00,34621.78165279291,34928.803803889285,34123.29337590615,34619.60761802568,35886522034.0954
2021-07-06 00:00:00+00:00,34589.85375504042,35273.7428020226,34374.25976658147,34884.03536470611,31122038288.095867
2021-07-07 00:00:00+00:00,34864.642212434046,35273.508031699006,34472.867713001295,35092.329507227456,27174492281.037937
2021-07-08 00:00:00+00:00,35075.35425009158,35439.445548075775,34718.25665118655,35091.05290299385,29802143822.520615
2021-07-09 00:00:00+00:00,35088.70181529047,35765.639755780474,34746.63814504498,35476.41186477476,33555846037.083923
2021-07-10 00:00:00+00:00,35560.7779375992,35969.235005775256,35093.85234202837,35910.94144522497,28570735754.630104
2021-07-11 00:00:00+00:00,35978.45273508765,36768.21484877179,35793.4113061749,36142.25550104972,31033189869.829872
2021-07-12 00:00:00+00:00,36207.36370367056,36901.194238721495,35821.08359026192,36329.5006939292,38469589748.46901
2021-07-13 00:00:00+00:00,36332.73661122703,36691.85500377484,35732.72781352576,36457.86559869629,36368766444.8001
2021-07-14 00:00:00+00:00,36424.56907030572,37432.17000109974,35960.229373649265,36812.2047686755,39816649608.8241
2021-07-15 00:00:00+00:00,36828.424515997605,37252.04687964229,36386.536611095216,36885.29291871697,38210495073.19704
2021-07-16 00:00:00+00:00,36843.25778906185,37333.15812120852,35993.123252976744,36873.58450646628,33104829842.10873
2021-07-17 00:00:00+00:00,36896.24832189983,37719.43043091169,36495.604035018,37516.604583724446,35680341444.26426
2021-07-18 00:00:00+00:00,37442.553618352766,37747.89478679742,36766.47735297655,37141.815926367744,32554415038.250526
2021-07-19 00:00:00+00:00,37144.08549303756,38054.682455121365,36883.42766576357,37556.16583311953,36481481083.5763
2021-07-20 00:00:00+00:00,37491.08790990836,38275.6995628199,36987.79696532471,37763.27310191197,30572562725.95311
2021-07-21 00:00:00+00:00,37867.07013287734,38542.17524286743,37505.74694025166,38065.80986713988,35895049350.34204
2021-07-22 00:00:00+00:00,38038.752184861376,39058.62118579626,37827.9210633496,38878.08131088828,33919876378.24722
2021-07-23 00:00:00+00:00,38851.827781286745,39678.03381597849,38508.19242743935,39154.63145561626,33664115134.64701
2021-07-24 00:00:00+00:00,39093.32271859148,39491.50930701821,38621.79417551585,39104.4351397576,34875774647.978745
2021-07-25 00:00:00+00:00,39151.38232446011,39968.18870860938,39048.0560212353,39529.033333028405,37112143287.9405
2021-07-26 00:00:00+00:00,39626.08104619331,40268.2724715014,39116.81261060959,39532.6586659102,33556402994.165436
2021-07-27 00:00:00+00:00,39601.57339697553,40043.64599634426,38863.04847736428,39705.837703827056,37002673067.28953
2021-07-28 00:00:00+00:00,39796.134842601234,40569.80879763428,39527.211267489845,40074.788138219534,32685552991.060112
2021-07-29 00:00:00+00:00,40036.99298478522,40604.7796157859,39782.408623528136,40317.09828354751,32616037511.552593
2021-07-30 00:00:00+00:00,40397.09139685395,41071.24710317658,39948.88217594864,40735.34956083162,31529870998.561428
2021-07-31 00:00:00+00:00,40761.25466427707,40992.37519845814,40161.046229737854,40596.91352255747,31598856027.44196
2021-08-01 00:00:00+00:00,40554.37145792803,41409.09740882003,40184.72605784451,40867.5349301439,35140841410.420525
2021-08-02 00:00:00+00:00,40802.34552709329,41656.48846373213,40463.34190711621,40917.01670818441,30191890365.182583
2021-08-03 00:00:00+00:00,40948.87389841427,41553.70559027008,40445.89749197519,41239.83944607364,39003137931.42223
2021-08-04 00:00:00+00:00,41261.80948287347,42264.85118524671,41063.89077442293,41768.18564668563,35216607512.81691
2021-08-05 00:00:00+00:00,41726.00433251902,42328.978758165016,41036.88748562817,41949.388745145465,26891856884.86693
2021-08-06 00:00:00+00:00,41888.06943288809,42520.02085755723,41495.45966177569,42023.38242437993,34626696609.54498
2021-08-07 00:00:00+00:00,41954.03924929052,42542.13081797647,41421.926665946616,41732.67895116856,42151380306.30704
2021-08-08 00:00:00+00:00,41602.36881089117,42232.9191367933,41196.36973676401,41654.14022356804,41161720796.97916
2021-08-09 00:00:00+00:00,41564.41602935496,42296.04097211945,41203.07424782181,41766.46149445712,33031171169.91707
2021-08-10 00:00:00+00:00,41720.35125625919,43001.12603095467,41518.73313064469,42206.68554073555,36889533647.18201
2021-08-11 00:00:00+00:00,42104.792818920025,42685.448924402684,41609.8071996036,42260.82931185597,33347257812.232998
2021-08-12 00:00:00+00:00,42263.97366114647,42967.58232740832,41914.23715503332,42229.01004997931,28467264357.253265
2021-08-13 00:00:00+00:00,42298.625106806496,42819.80710293637,41596.88989788154,42422.7346857574,35497796289.69777
2021-08-14 00:00:00+00:00,42355.13581437904,43092.31478691738,42122.018227271925,42626.78929534849,29472806352.914185
2021-08-15 00:00:00+00:00,42653.38970579047,43348.17769717897,42189.94698225208,42937.19348150913,34668814321.33052
2021-08-16 00:00:00+00:00,42867.26322435064,43441.41127083285,42586.43376265295,43157.48625271367,29194425409.353405
2021-08-17 00:00:00+00:00,43117.1447841109,43949.43474761486,42986.40632412003,43471.75713673716,36455821405.09831
2021-08-18 00:00:00+00:00,43512.235178592106,44011.16524248015,42852.60486242757,43356.708716492,45770261857.469666
2021-08-19 00:00:00+00:00,43257.58679442242,44144.32195204101,42777.30500799208,43722.96996553192,35874802229.8806
2021-08-20 00:00:00+00:00,43796.50761224148,44440.1744870323,43212.63786032499,44049.32504844893,41015018449.72156
2021-08-21 00:00:00+00:00,43985.3887004728,45174.37878154914,43961.87749634056,44607.91432876303,35154260950.6504
2021-08-22 00:00:00+00:00,44541.646656670106,45449.08267633277,44072.62818344448,45158.31061494666,38694144188.96537
2021-08-23 00:00:00+00:00,45211.375679806406,45801.3655314087,44685.38297860548,45208.40333402124,33551013654.60514
2021-08-24 00:00:00+00:00,45255.5979006584,45705.82980915632,44414.66418279253,45103.66170207646,37889913197.564026
2021-08-25 00:00:00+00:00,45000.40697117945,45548.93283037964,44451.77230815137,45004.913266346186,36426384282.952034
2021-08-26 00:00:00+00:00,44950.87895322643,45659.81542550559,44396.94491821767,44626.59235124085,37052882090.82584
2021-08-27 00:00:00+00:00,44485.72342241585,45233.12669752271,44314.79649265666,44831.84871396996,41891386638.51039
2021-08-28 00:00:00+00:00,44963.46893665691,45510.460694187874,44563.79539949166,44981.86540197799,36440099100.36095
2021-08-29 00:00:00+00:00,45119.16915052644,45831.80195803575,44148.70791764143,44905.99723175576,35592008121.23119
2021-08-30 00:00:00+00:00,44904.13285037109,45718.51077255295,44288.33448634856,45056.77802059603,40937159980.31209
2021-08-31 00:00:00+00:00,45094.88130292421,45663.39939770528,44632.76554891436,45329.44109941048,40317332771.55269
2021-09-01 00:00:00+00:00,45382.33153551832,45868.39387416678,44762.98740692973,45314.74383790078,38780085978.214264
2021-09-02 00:00:00+00:00,45293.19717237116,46034.56541089079,44247.778463315175,44833.17797215375,34566882015.85212
2021-09-03 00:00:00+00:00,44735.28506254183,45534.10852613109,44233.4802082854,45179.003839255485,34897469622.03918
2021-09-04 00:00:00+00:00,45113.004467461,45568.63467297164,44567.88220578723,45380.2523463,37798501105.02519
2021-09-05 00:00:00+00:00,45442.44080402007,46047.8937451511,44887.53633070672,45441.22965356891,31261134918.47747
2021-09-06 00:00:00+00:00,45354.63456827203,46260.13792896731,44879.89673697708,45622.38621962535,34631163735.70416
2021-09-07 00:00:00+00:00,45625.87204926975,46212.6311001626,45165.72829260261,45596.81764472768,36034764528.69044
2021-09-08 00:00:00+00:00,45573.79232557386,46575.23475571358,45304.41383042989,46033.211197190896,31527377839.70545
2021-09-09 00:00:00+00:00,46094.5711222962,47354.26938847541,45788.65324102183,46712.73652608918,31972038128.969666
2021-09-10 00:00:00+00:00,46675.27261562203,47739.184873230246,46183.088346845776,46691.52815245429,36549905514.76778
2021-09-11 00:00:00+00:00,46569.79631589744,47153.25326029117,46003.12763705575,46426.86451701043,46079169609.28977
2021-09-12 00:00:00+00:00,46456.48098615917,47381.68124204223,46115.57432195888,46960.14503741704,44771385322.35707
2021-09-13 00:00:00+00:00,46960.62145791562,48194.538915639525,46729.561008494704,47587.55358475052,36985174765.67971
2021-09-14 00:00:00+00:00,47656.59600944525,48124.12150366882,46784.988209234034,47682.94677502728,35311145739.622375
2021-09-15 00:00:00+00:00,47804.62547719659,48648.34629369091,47461.79085336951,48106.64118938815,39685050266.917755
2021-09-16 00:00:00+00:00,48223.51120717953,48725.82828707194,47574.55684380722,48285.23376881333,37546769592.34995
2021-09-17 00:00:00+00:00,48300.21673456561,49202.39690362896,47801.38507358155,48499.91551315842,34089316421.137554
2021-09-18 00:00:00+00:00,48539.87478045568,49387.61768634892,48107.214845687,48784.521272420825,32787486600.574127
2021-09-19 00:00:00+00:00,48709.52776651131,49010.57043408408,47827.15358605293,48380.70029444352,32437960876.00166
2021-09-20 00:00:00+00:00,48396.97439597728,49161.145481749016,47909.73072509331,48966.11940680954,35168262881.76064
2021-09-21 00:00:00+00:00,48971.51693732417,49653.77812395804,48364.9976046458,49136.666116631495,35342788586.767365
2021-09-22 00:00:00+00:00,49277.59040789719,50498.36185481487,48680.87514191034,49847.59118330931,32887872127.20962
2021-09-23 00:00:00+00:00,49978.252461054704,50713.82194055732,49251.017928254776,49945.836624618045,39188870679.10128
2021-09-24 00:00:00+00:00,50129.53073665761,50842.73621982449,49526.21375886665,50407.21449630372,33563981769.767075
2021-09-25 00:00:00+00:00,50322.8513742231,51605.16592564192,49916.06461798158,50901.40855745343,29063332207.560745
2021-09-26 00:00:00+00:00,50636.26101887624,51647.97183771697,50209.45606241535,51355.59662832788,30706877813.446598
2021-09-27 00:00:00+00:00,51391.66645177408,52103.10057846712,50747.71004206536,51445.14379831424,38487815746.37773
2021-09-28 00:00:00+00:00,51618.07532736415,52197.4786705152,51121.4275204323,51781.79808470021,40735482882.31615
2021-09-29 00:00:00+00:00,51872.471694680855,52948.70785412676,51490.11256417406,52445.10413512058,36414246076.3663
2021-09-30 00:00:00+00:00,52416.65074484641,53210.05248602251,51820.06461204374,52561.77211808567,33332598152.234886
2021-10-01 00:00:00+00:00,52542.74125911878,52925.23846733102,51978.5193463025,52391.15637195884,30916363157.68912
2021-10-02 00:00:00+00:00,52350.99511538248,53359.32069473797,52000.99223956833,52793.08026047312,36546908997.403
2021-10-03 00:00:00+00:00,53076.99446963923,53617.339888238734,52486.90836332777,52975.255380481576,41465398683.95612
2021-10-04 00:00:00+00:00,52795.20718885398,53931.41561938544,52464.91426597948,53675.053971586014,35255951994.62076
2021-10-05 00:00:00+00:00,53817.79129849858,54427.1912224432,53208.16007926421,53945.855575558606,32999451682.191395
2021-10-06 00:00:00+00:00,53971.65092296393,54881.32215941504,53047.8408886533,54022.86609067165,34646360421.65104
2021-10-07 00:00:00+00:00,54023.14139979688,54828.98299293901,53536.50487067006,54589.33969365141,38162005391.109215
2021-10-08 00:00:00+00:00,54642.37324773158,55523.78656738302,54207.75643166735,54959.27388755789,37328080812.581795
2021-10-09 00:00:00+00:00,55106.58272271062,56219.42903105714,54648.74807052135,55695.03205762452,33801517203.207478
2021-10-10 00:00:00+00:00,55599.701133032766,56528.99486829085,55134.60355238024,56124.90162581834,32548537605.018925
2021-10-11 00:00:00+00:00,56159.51698696443,56983.68463229734,55444.48775555033,56488.59472248189,39618711588.34327
2021-10-12 00:00:00+00:00,56567.12748306365,57660.99202210744,55849.149176409206,57085.93395164711,31934602645.73414
2021-10-13 00:00:00+00:00,57210.2793518972,57858.6663146298,56701.76606976041,57414.8307461337,33953186685.541176
2021-10-14 00:00:00+00:00,57417.19254541615,58282.23467063845,56666.38718469196,57545.97791700927,39459696705.46513
2021-10-15 00:00:00+00:00,57614.57209395792,58486.07871948053,56788.62507428151,57717.86132093883,36846356791.23193
2021-10-16 00:00:00+00:00,57773.52250559475,58616.821686498966,57145.60867619312,57828.62509465647,32415668767.45811
2021-10-17 00:00:00+00:00,57763.92604574368,59285.54050534663,57183.97702592235,58894.008540314055,32425214462.73514
2021-10-18 00:00:00+00:00,58861.63691070286,60832.54682443076,58273.59387516345,60628.28271919142,33077284839.644974
2021-10-19 00:00:00+00:00,60551.23178944084,61781.43569914976,60145.26564931079,60874.85539502007,56792984597.89729
2021-10-20 00:00:00+00:00,60906.23718320149,62381.25190136594,60710.82257415812,61426.4028725539,39643291670.819695
2021-10-21 00:00:00+00:00,61756.09211690592,62562.72993825958,60938.45017934467,61871.58097873133,38614142605.56315
2021-10-22 00:00:00+00:00,61849.83092698016,62738.15335668695,61164.21611342516,62196.98519277824,37110506029.74773
2021-10-23 00:00:00+00:00,62211.25688269937,63275.442397948034,61604.1300791225,62339.37636834785,37750934246.74433
2021-10-24 00:00:00+00:00,62372.92892853855,63495.99185676559,61599.451242612085,62857.15245365203,35105523889.63234
2021-10-25 00:00:00+00:00,62847.489677621874,63711.34606071097,62106.87594394532,62621.90049142577,37435954072.15413
2021-10-26 00:00:00+00:00,62478.47981099617,63884.79406762937,62028.62391582665,63295.35093264798,36768713983.04522
2021-10-27 00:00:00+00:00,63350.85164241788,64723.07441267556,62814.328722085855,64119.74591252716,32143173257.34782
2021-10-28 00:00:00+00:00,64053.62475602401,65548.16564639816,63078.32025199476,65084.31888906792,34181619769.706985
2021-10-29 00:00:00+00:00,65123.33267243449,66391.26659121556,64295.84925000935,65791.60847356947,30906299185.38621
2021-10-30 00:00:00+00:00,65856.8604453502,66621.75422803606,65028.71042076725,65471.15569880818,38630942649.94521
2021-10-31 00:00:00+00:00,65632.8119054029,66187.63080812141,64723.59625168351,65616.55897072935,35375242726.694084
2021-11-01 00:00:00+00:00,65777.48158338023,66507.25542915108,65170.64680261071,66031.5959890521,38999688450.95921
2021-11-02 00:00:00+00:00,65803.15568047775,67184.69190021542,64958.976418639926,66687.97735884643,43455429642.346306
2021-11-03 00:00:00+00:00,66407.25966310449,67719.93106352596,65981.70683050388,66760.1828980948,32040166232.100918
2021-11-04 00:00:00+00:00,66595.7340792778,67909.67401968717,65846.28532354886,67261.52423568103,43858808709.3794
2021-11-05 00:00:00+00:00,67170.11900910933,68573.92629474208,66644.92457253301,67937.44070608326,39346339829.08443
2021-11-06 00:00:00+00:00,67786.35795688683,68984.6271235224,67082.7867586999,68022.62993524202,33210972175.307583
2021-11-07 00:00:00+00:00,67977.42612650231,69184.08983930851,67492.82850326737,68637.27932667281,32976326863.842014
2021-11-08 00:00:00+00:00,68675.60587422753,69400.14689191883,67892.48993173629,68510.6446724351,44730506358.83823
2021-11-09 00:00:00+00:00,68436.27650417604,69334.01029758135,67512.94393886869,68728.22105325824,41620206860.286545
2021-11-10 00:00:00+00:00,68582.85480120136,69497.62385639708,67167.13085704194,68013.02465919845,41585428998.32776
2021-11-11 00:00:00+00:00,67952.34130470676,68634.02118398514,66953.640039548,67530.30528925023,33378513998.25182
2021-11-12 00:00:00+00:00,67489.09808061864,68010.37207488283,65533.16366741227,66885.97941049242,37430953398.359055
2021-11-13 00:00:00+00:00,66857.8635868384,67399.66992795936,65542.78634472858,65920.31963564294,35490540268.046
2021-11-14 00:00:00+00:00,65966.57689583875,66604.00682867719,65160.71808246612,66013.87371595339,39839603669.525276
2021-11-15 00:00:00+00:00,65935.54549252724,66285.67636377172,64643.13953740319,65392.20140952217,37200380131.20116
2021-11-16 00:00:00+00:00,65272.75016005109,66186.92548370683,64590.84862481047,64920.81097369313,41014644550.13909
2021-11-17 00:00:00+00:00,64761.03110872413,65687.51262211966,63654.13853696145,64060.75929640716,36710707645.73001
2021-11-18 00:00:00+00:00,63923.709977564,64625.09246175672,62423.420858073536,62995.93907000783,40273869790.112274
2021-11-19 00:00:00+00:00,63135.8482685489,63908.98364491787,62372.99177763537,62857.909915089615,34619678858.68694
2021-11-20 00:00:00+00:00,63019.46154812504,63397.09209243425,62133.36407907699,63030.07738910148,37996954575.72445
2021-11-21 00:00:00+00:00,63194.8044506178,63939.14583604682,62169.36673618484,62872.21392209176,33372487865.91168
2021-11-22 00:00:00+00:00,62798.870710962,63051.949352969685,61294.86135723118,61672.91444206968,29515767542.990803
2021-11-23 00:00:00+00:00,61736.76937263319,62151.76155879765,60829.16102126837,61280.28164176857,38859846517.60543
2021-11-24 00:00:00+00:00,61302.41478985168,61867.2118545201,60437.69156940394,60945.55917430736,42684416067.78387
2021-11-25 00:00:00+00:00,60917.85486850085,61412.07754120112,59791.41807254162,60042.48030696338,30843359310.252533
2021-11-26 00:00:00+00:00,59874.07075672518,60598.90027815846,58912.39614295504,59521.01604621304,35789258514.11988
2021-11-27 00:00:00+00:00,59539.206513977006,60146.79099506559,58455.78105556408,58841.83462582427,33247639658.47511
2021-11-28 00:00:00+00:00,58934.0569370897,59408.65576995126,57572.10382373326,57964.07953844809,27731876684.204052
2021-11-29 00:00:00+00:00,57816.65192911083,58260.38236290808,56744.53077118629,57356.187045568455,27729140952.33491
2021-11-30 00:00:00+00:00,57347.31793940747,57924.35472458578,55810.89528877788,56402.2640993819,28012281836.328434
2021-12-01 00:00:00+00:00,56604.90492037235,56904.00623112324,55207.22558243261,55890.887681927525,32402629949.811867
2021-12-02 00:00:00+00:00,55797.51448083755,56363.54016016579,55377.160694923565,55940.16854316741,38147248107.15616
2021-12-03 00:00:00+00:00,55911.62664300894,56484.0354628424,54727.48711202162,55143.72289951792,32845712999.454002
2021-12-04 00:00:00+00:00,55335.751367591896,55675.69582203741,54067.89781705679,54391.432260271045,40453982417.30579
2021-12-05 00:00:00+00:00,54352.45408143856,54854.49488455101,53161.1596316134,53647.30892122624,28824452106.68727
2021-12-06 00:00:00+00:00,53570.15064489161,54132.82698111888,52402.47475996097,53030.05322013829,42392003530.6782
2021-12-07 00:00:00+00:00,52873.26481739334,53273.1204740745,51901.9266888084,52295.53678686049,37190947538.17805
2021-12-08 00:00:00+00:00,52126.19786778847,52674.35406602609,51330.04620184968,51796.322550382894,32719955169.412277
2021-12-09 00:00:00+00:00,51719.52682027366,52602.56352977405,51255.30950801047,51647.2173768778,37231436476.335365
2021-12-10 00:00:00+00:00,51658.90764828213,52360.272724981485,51287.07560341484,51753.85193323966,41335260056.59455
2021-12-11 00:00:00+00:00,51720.88419878377,52170.54007897098,50671.13335133671,51214.615772369085,41213946033.69986
2021-12-12 00:00:00+00:00,51113.19474983822,51459.60617479682,49907.26929571461,50466.64008771522,27262820287.076168
2021-12-13 00:00:00+00:00,50305.32516042564,50514.39030574573,49202.87469945232,49716.45678471598,31060825945.46406
2021-12-14 00:00:00+00:00,49549.35513239025,50191.92486295566,48873.02420585087,49648.01856304841,36667672312.84314
2021-12-15 00:00:00+00:00,49758.30974192934,49976.930691643975,48641.07157066732,48951.58495894663,36139758229.555916
2021-12-16 00:00:00+00:00,49092.41968816966,49425.9659957831,48319.6054487815,48670.57061543497,39595081694.474594
2021-12-17 00:00:00+00:00,48522.36692683309,48939.18706590171,48005.66158369929,48251.932069032766,40933115358.69957
2021-12-18 00:00:00+00:00,48358.82619334813,49130.79774820826,47412.356256217216,48226.64398590229,39636218481.36344
2021-12-19 00:00:00+00:00,48289.79545859011,49011.19718577051,47220.57787698332,47864.819654161256,28262375645.30378
2021-12-20 00:00:00+00:00,47829.14147505601,48588.950690659614,47157.59647709184,47443.25094311456,36153020206.64896
2021-12-21 00:00:00+00:00,47447.1816084419,47949.669733576346,46345.53426851342,46831.02717876263,34365591841.70619
2021-12-22 00:00:00+00:00,46676.585699881005,47030.48675670965,45645.9004264444,46306.62767801382,40375175764.2912
2021-12-23 00:00:00+00:00,46192.08699894892,46642.34637002251,45615.2326538434,45888.29318323532,29936880903.812824
2021-12-24 00:00:00+00:00,45700.83024351478,46161.09599226091,45146.56487931007,45384.7760227947,32787944030.13215
2021-12-25 00:00:00+00:00,45364.46755931557,46039.16413286989,44728.31346062839,45270.83527078607,28910683888.159065
2021-12-26 00:00:00+00:00,45170.687085919664,45432.21686830101,43860.51081400791,44025.6536632987,37563896764.31092
2021-12-27 00:00:00+00:00,44028.27388641229,44320.09649636078,43329.33951103666,43661.611796492885,41539794568.34874
2021-12-28 00:00:00+00:00,43671.81388218247,44102.77026940079,43110.394514621374,43272.34788493473,37570091563.46388
2021-12-29 00:00:00+00:00,43292.42652747314,43948.14322245061,42620.2877634388,43112.05826363107,42386230826.19959
2021-12-30 00:00:00+00:00,43164.68099442048,43528.89489138385,42376.969649339015,42669.05357504147,35544098387.65756
2021-12-31 00:00:00+00:00,42688.66295680889,43461.154589426544,41979.3449666092,42908.34492694819,35896617361.132225
2022-01-01 00:00:00+00:00,42841.155610878326,43375.22965906596,42242.801328448,42798.558472242185,22739245957.904533
2022-01-02 00:00:00+00:00,42755.30610758545,43016.12730213137,42210.53669272868,42444.292428929686,38332484322.20488
2022-01-03 00:00:00+00:00,42503.46221648204,43159.76563689068,41565.47879861721,42240.86385502316,33880352131.305878
2022-01-04 00:00:00+00:00,42172.072947076136,42844.65735926559,41857.61598391301,42090.41388244143,43349566526.64521
2022-01-05 00:00:00+00:00,42056.00789337355,42465.20146673878,41174.38258229596,41623.513045747095,38965443208.3683
2022-01-06 00:00:00+00:00,41587.70098423265,42123.55062361478,41051.62176612804,41440.917279899,41484320685.86014
2022-01-07 00:00:00+00:00,41485.327879639575,41722.125161497526,40746.46292373712,41290.11489295436,46081612327.71658
2022-01-08 00:00:00+00:00,41210.22874390721,41618.52756052528,40556.12814195477,41070.55451244887,35572926304.618126
2022-01-09 00:00:00+00:00,41067.3450168255,41261.09194241959,40393.97853787497,40850.1814264276,27688018027.64143
2022-01-10 00:00:00+00:00,41021.70163634698,41253.15618381305,40121.58442624841,40380.450584918166,36989738260.75251
2022-01-11 00:00:00+00:00,40466.55643792218,40776.52873699284,39735.00506556284,40327.90985468567,38104766071.89282
2022-01-12 00:00:00+00:00,40292.583174561405,40816.88306572397,39293.1297480709,39703.03885536895,34811547677.62098
2022-01-13 00:00:00+00:00,39583.06050446584,40062.26830788028,39106.88571056696,39601.48717226031,30898626341.254055
2022-01-14 00:00:00+00:00,39646.25867153775,40083.00780218274,39003.36207441706,39392.79773123922,33130217191.007965
2022-01-15 00:00:00+00:00,39326.9618134356,39746.62394197406,38488.230474025,39183.39337409957,31206062919.262184
2022-01-16 00:00:00+00:00,39137.73302946017,39680.529664485424,38827.13266810245,38922.16253235338,30488988553.513493
2022-01-17 00:00:00+00:00,38837.92936503585,39383.14194639603,38453.84359641568,38973.817362335416,33629305477.333874
2022-01-18 00:00:00+00:00,39008.60562694985,39550.25648167367,38394.01443594391,38958.3345379625,36352363913.85507
2022-01-19 00:00:00+00:00,39097.781336639,39719.68560244697,38545.78123598402,39230.46082214798,32843702350.284252
2022-01-20 00:00:00+00:00,39198.985043997,39631.18146163491,38734.81221081392,39362.55114906468,36901109940.127335
2022-01-21 00:00:00+00:00,39304.64496974268,39773.59275319745,38453.95173194152,39283.88084753854,44576403753.1464
2022-01-22 00:00:00+00:00,39229.00602316801,39738.146733595815,38797.98563648149,39354.15092788169,34484759308.83546
2022-01-23 00:00:00+00:00,39315.77099358012,39687.274202779496,38371.47946433512,39045.91658336733,36183826970.940926
2022-01-24 00:00:00+00:00,39062.09981124653,39567.21282662324,38566.02657065012,39083.923621941096,27803708989.816715
2022-01-25 00:00:00+00:00,39014.1870524827,39802.254838537,38653.041776692735,39115.51623000024,32655528348.709152
2022-01-26 00:00:00+00:00,39187.91758647443,39599.52433645535,38675.57059374953,38925.60453375598,32467186977.47122
2022-01-27 00:00:00+00:00,38902.12817963175,39211.05598622892,38027.91595528703,38313.85974667944,39395839179.183
2022-01-28 00:00:00+00:00,38388.102450012906,39025.19178286769,38113.19552796819,38690.04300405571,32672131560.77057
2022-01-29 00:00:00+00:00,38684.42211619279,39181.41228450528,38298.58604045367,38727.901107994,30675836904.464825
2022-01-30 00:00:00+00:00,38628.20392405222,39061.89151192363,38014.174665351326,38412.91506556812,23563102261.578022
2022-01-31 00:00:00+00:00,38474.890801615984,38837.36954005828,38050.09826267546,38470.50975448003,29055311283.658375
2022-02-01 00:00:00+00:00,38389.98960173675,38999.821592567096,38017.02823243605,38507.68720023584,41416506958.53897
2022-02-02 00:00:00+00:00,38489.756874077255,38782.18240491924,37930.49163219333,38353.21997399154,30501507052.23
2022-02-03 00:00:00+00:00,38296.7105593689,39205.06369065769,38023.346753411,38818.52742750837,30845228480.39514
2022-02-04 00:00:00+00:00,38808.30930653107,39139.96101816202,37933.73900533709,38541.85654210787,42045859528.47922
2022-02-05 00:00:00+00:00,38451.54771248548,38934.52875687652,37677.97587019277,38158.64502567885,39669497087.69297
2022-02-06 00:00:00+00:00,38126.12585107594,38619.7663318739,37768.53397661561,38162.28653610922,35132388670.59054
2022-02-07 00:00:00+00:00,38053.96048643343,38744.10677029814,37472.30582156812,37973.30489352255,33645031291.26196
2022-02-08 00:00:00+00:00,37894.79645713782,38857.11808972156,37665.70922931335,38069.14546127685,39200132241.83608
2022-02-09 00:00:00+00:00,38037.81463250915,38549.56192984906,37814.015751630766,38170.17576232804,42926816101.88205
2022-02-10 00:00:00+00:00,38145.939257139216,38738.74396900664,37901.93051985504,38291.35894770059,36964457915.470665
2022-02-11 00:00:00+00:00,38277.377910741874,38543.86659495365,37716.29189287742,38099.925150245705,43533646563.20515
2022-02-12 00:00:00+00:00,38043.79781084972,38534.3018319,37769.87811842142,38198.64463801653,34874546116.086655
2022-02-13 00:00:00+00:00,38217.00887622612,38655.6024919288,37641.14924245674,38170.72076734473,29041597743.365578
2022-02-14 00:00:00+00:00,38085.567986581045,38672.16844905724,37875.725548516624,38251.56880497448,31146503773.31642
2022-02-15 00:00:00+00:00,38289.53826079194,39032.00694187668,37720.50510216668,38321.46254702826,34856761089.97193
2022-02-16 00:00:00+00:00,38374.272387602505,38806.68334649958,37777.189152471525,38179.26922878152,30988037766.32329
2022-02-17 00:00:00+00:00,38083.65423589806,38688.55839266973,37650.64120335574,38174.02201744725,36062677383.392784
2022-02-18 00:00:00+00:00,38156.83638484738,38462.54377644487,37486.04660570913,37914.62126617517,40134818927.504234
2022-02-19 00:00:00+00:00,37877.87510089165,38282.76703998135,37308.09247340488,37909.0496394652,31057634087.301514
2022-02-20 00:00:00+00:00,37873.22462745672,38181.18143974421,37197.42529008141,37564.69185793412,34167915702.87051
2022-02-21 00:00:00+00:00,37420.71045423666,37893.98395581797,36851.714341031846,37230.22779287379,46890457575.99888
2022-02-22 00:00:00+00:00,37264.512236204246,37654.5084930655,36674.50885763198,37301.325921686126,37264633236.82506
2022-02-23 00:00:00+00:00,37296.29507668233,37783.23216382922,36642.15118132513,37180.6831883702,40631283961.17815
2022-02-24 00:00:00+00:00,37190.48246588496,37693.34398375155,36838.177971480734,37152.43679128192,36874071545.631004
2022-02-25 00:00:00+00:00,37113.25808911248,37416.85928725073,36533.31112329131,36905.5282135856,39781328909.689476
2022-02-26 00:00:00+00:00,37059.96414489698,37452.36856753548,36509.414724448296,37188.348999023,33919254591.69385
2022-02-27 00:00:00+00:00,37158.29044769133,37881.467845577135,36864.84840415962,37260.66551180046,30266559289.22367
2022-02-28 00:00:00+00:00,37269.819315174245,37604.9493373434,36589.97768622873,37163.91466932328,42718841162.03939
2022-03-01 00:00:00+00:00,37197.45664594292,37803.69954236283,36818.650993856245,37423.81171890662,39316370384.751724
2022-03-02 00:00:00+00:00,37325.99688101254,37790.16174284368,36892.50577049259,37356.31629746455,34254928841.08164
2022-03-03 00:00:00+00:00,37426.39029029658,37916.898237335365,37040.04236110504,37438.90926293113,44445542809.76952
2022-03-04 00:00:00+00:00,37389.89188898556,37863.98746216751,36827.42106828719,37175.40407612088,33747736248.428474
2022-03-05 00:00:00+00:00,37143.3689756858,37511.38928610856,36682.88201731689,36996.45280486722,33443856705.21194
2022-03-06 00:00:00+00:00,37024.57548062256,37833.548291449086,36613.372188830814,37173.45567833851,36403833745.12129
2022-03-07 00:00:00+00:00,37210.09275794557,37552.154855549845,36568.31561931776,37100.94468030485,35371205679.62709
2022-03-08 00:00:00+00:00,37061.09702066076,37780.99622880168,36592.34747156753,37004.52205548083,33011760193.0809
2022-03-09 00:00:00+00:00,36952.94011498259,37641.13126571872,36757.20679639992,37072.31399418613,33099395083.81696
2022-03-10 00:00:00+00:00,37028.4029257412,37511.74931892346,36700.79647504765,37166.62526150433,32246940806.658188
2022-03-11 00:00:00+00:00,37140.85575193517,37623.42576547878,36819.43348968451,37049.48274550414,30286954317.134693
2022-03-12 00:00:00+00:00,36891.827296066695,37337.46766482114,36354.92182508237,36707.89063883295,32141134246.211735
2022-03-13 00:00:00+00:00,36797.91361197295,37418.05780439301,36465.19701260959,36821.54152874184,45476488134.34114
2022-03-14 00:00:00+00:00,36757.30418342296,37230.19072875521,36561.524101439645,36879.82070310985,43116354719.08008
2022-03-15 00:00:00+00:00,36831.35677530058,37409.03017003797,36554.2278492117,37082.41360653424,31858436838.47974
2022-03-16 00:00:00+00:00,37038.76481249312,37405.45780308655,36565.66154071548,36928.05669151183,39044449891.986534
2022-03-17 00:00:00+00:00,36842.94366845577,37206.14819998498,36429.43890613943,36727.7084957896,35707400149.20308
2022-03-18 00:00:00+00:00,36684.12354259177,37366.91910941048,36079.34656631353,36598.34792235701,34423833372.73912
2022-03-19 00:00:00+00:00,36701.60254688555,37005.67383011058,36219.39462641436,36675.172719229806,33588571380.606655
2022-03-20 00:00:00+00:00,36714.30807309441,37024.36895249494,36056.29987269633,36282.161280226894,35003899056.70557
2022-03-21 00:00:00+00:00,36396.179909745806,36503.690897274486,35719.32325296153,36084.02093143853,34406088023.50394
2022-03-22 00:00:00+00:00,36098.79581404701,36434.89761621506,35563.32417361326,36022.53928205728,29431244010.447926
2022-03-23 00:00:00+00:00,36002.55086683256,36327.640108114174,35553.47109634728,35769.28052477144,33942547669.49077
2022-03-24 00:00:00+00:00,35661.2193324797,35974.29760193024,35168.22709914537,35553.801772042214,38234516772.44384
2022-03-25 00:00:00+00:00,35608.43321546755,36138.55880537396,35102.11375732495,35501.69450869157,37830353734.6511
2022-03-26 00:00:00+00:00,35564.05635313559,36216.65804993321,35256.58357601525,35538.54891981155,43000039270.19601
2022-03-27 00:00:00+00:00,35597.83239346941,36065.28155236805,34959.923050701764,35563.95429749172,37500712741.14269
2022-03-28 00:00:00+00:00,35630.75996500437,35967.123422123535,34692.75822499329,35272.986878174976,34082496615.988457
2022-03-29 00:00:00+00:00,35369.27487341662,35683.27553869521,34824.77639291432,35283.70897253532,33643117931.278812
2022-03-30 00:00:00+00:00,35228.79172903404,35698.731738556475,34851.4453821454,35121.01757944471,31179814575.477036
2022-03-31 00:00:00+00:00,35051.783730721254,35539.6913758274,34886.52197473239,35186.623068200504,34335124933.993862
2022-04-01 00:00:00+00:00,35154.89124029514,35605.81444930332,34704.22073839986,35021.09501823644,30510929507.537987
2022-04-02 00:00:00+00:00,35096.40656002045,35625.05570904953,34123.56507579259,34770.780012326766,32447626577.017204
2022-04-03 00:00:00+00:00,34818.54316507803,35211.1649138721,34160.700371848434,34529.169465275045,31922471221.56976
2022-04-04 00:00:00+00:00,34553.20003065023,34978.74326980716,34139.720455105155,34548.20453476895,32248173960.136673
2022-04-05 00:00:00+00:00,34514.30370762683,35156.62375637059,34192.29074449582,34624.82686994969,31243376769.47072
2022-04-06 00:00:00+00:00,34594.68180787884,35105.35822847823,34130.02313475237,34695.59096572365,33588970249.39079
2022-04-07 00:00:00+00:00,34731.425028437065,35075.602812582896,34451.76563908287,34610.51053690457,34106733154.184525
2022-04-08 00:00:00+00:00,34536.32313658631,34954.22543323763,33983.04607552454,34460.897848433284,35595186872.55174
2022-04-09 00:00:00+00:00,34446.63254173756,34740.507694787244,33859.432075835975,34413.64561814812,30663394591.858345
2022-04-10 00:00:00+00:00,34358.350681940974,34724.63849374252,33913.944681656416,34333.80269612427,31666901860.89272
2022-04-11 00:00:00+00:00,34326.10214698496,34778.7146242011,34014.80190474294,34339.672184909825,24623077033.955456
2022-04-12 00:00:00+00:00,34387.48251049894,35006.47918769276,34035.01012068703,34490.13931143597,35636284673.79868
2022-04-13 00:00:00+00:00,34534.74797242272,34842.34475005451,33883.666690179605,34110.005478760875,28901176469.072796
2022-04-14 00:00:00+00:00,34049.83227241333,34608.60414136687,33744.82958796604,34172.523765035054,33580843560.85602
2022-04-15 00:00:00+00:00,34263.58857553231,34797.487481835575,33736.84126131326,34271.493659949694,29869300839.93872
2022-04-16 00:00:00+00:00,34265.79315678681,34548.45795912101,33616.825432614205,34036.01819463106,30429003155.92769
2022-04-17 00:00:00+00:00,34010.78787633382,34284.036957505086,33141.542552259314,33540.00293285908,35370905129.62318
2022-04-18 00:00:00+00:00,33582.0954965337,34135.27163556063,33252.399564447034,33778.7410477967,28348964750.420086
2022-04-19 00:00:00+00:00,33751.742575393495,34105.97170954626,33282.26534751299,33553.157718522845,37247791881.31191
2022-04-20 00:00:00+00:00,33587.292433325274,34035.110363103246,32846.44214172496,33338.41201944202,32166178862.604053
2022-04-21 00:00:00+00:00,33364.43800233005,33840.88744768192,33048.66083658808,33478.605561531906,33623373001.48121
2022-04-22 00:00:00+00:00,33467.57223068427,33537.97356019917,32830.804222900835,33094.896894063866,32240930916.709503
2022-04-23 00:00:00+00:00,33067.68604541921,33426.41663640308,32617.58454001919,33070.71008421103,29612078309.8993
2022-04-24 00:00:00+00:00,33044.346542957835,33352.21642393475,32046.06219225613,32500.5042583933,28310981711.244514
2022-04-25 00:00:00+00:00,32511.30714553284,32647.003832393453,31949.07537768651,32314.370239292308,29347413181.781082
2022-04-26 00:00:00+00:00,32360.664965305867,32859.18913723391,32059.66242104634,32570.79465039568,28952252530.303448
2022-04-27 00:00:00+00:00,32656.74184910196,33039.33380599967,31938.270344347908,32227.137701040443,41037514075.39047
2022-04-28 00:00:00+00:00,32188.518829073248,32800.2830699904,32019.9898285329,32288.148933933026,27321428868.92389
2022-04-29 00:00:00+00:00,32404.1493718381,32504.06221140122,31564.09373536049,31801.77778011382,36817972524.17744
2022-04-30 00:00:00+00:00,31827.55077401413,32153.400033721013,31294.08881910847,31586.115558886144,33396026062.71954
2022-05-01 00:00:00+00:00,31578.49082653525,31896.812508039948,30655.52852987429,30836.400432312184,37367717402.93359
2022-05-02 00:00:00+00:00,30826.876487027443,31135.199768820363,29991.818847784554,30263.9261638937,33885729540.2154
2022-05-03 00:00:00+00:00,30178.35147595388,30447.4911350862,29228.15636139068,29537.95785096056,36289793774.60839
2022-05-04 00:00:00+00:00,29540.35337061371,29838.353060298054,28724.224209699933,29092.214816054984,24311146742.267048
2022-05-05 00:00:00+00:00,29105.31075034608,29303.9363928164,28191.162528646924,28324.07523682404,27330736269.99356
2022-05-06 00:00:00+00:00,28259.312374078592,28404.161739546664,27568.53420604566,27832.75007343403,37644747045.74698
2022-05-07 00:00:00+00:00,27890.28107025478,28022.77722628188,26987.55352494448,27226.6829446491,35115480430.01622
2022-05-08 00:00:00+00:00,27161.917248044243,27425.40034389184,26593.56067690768,26792.13670409094,33612594967.137814
2022-05-09 00:00:00+00:00,26778.724709596645,27028.83131092548,26309.492606688604,26592.65259364601,36282634108.01161
2022-05-10 00:00:00+00:00,26577.884753113434,26831.57946638924,26072.12275064523,26238.76460377176,30677597059.605576
2022-05-11 00:00:00+00:00,26220.40002775113,26435.64131930266,25484.15062081505,25740.815891727914,32652223790.736446
2022-05-12 00:00:00+00:00,25710.452063995104,25910.494182276256,25161.37732198414,25283.88570401175,30289545901.9849
2022-05-13 00:00:00+00:00,25229.958039107634,25647.87909605376,24912.480032547806,25059.995095898328,32639889355.136944
2022-05-14 00:00:00+00:00,25119.70583994077,25343.331165613792,24655.42185614688,24805.725347618954,36867758071.6075
2022-05-15 00:00:00+00:00,24807.271859774737,24993.978056223063,24054.22984393128,24330.713857205,37226462499.84006
2022-05-16 00:00:00+00:00,24299.649563488223,24558.684127441054,23641.55417653852,23915.22409838673,36388139563.2993
2022-05-17 00:00:00+00:00,23870.22842863691,23920.149178040465,23268.39438189611,23300.655664255675,42542663001.859886
2022-05-18 00:00:00+00:00,23347.70117306319,23488.686748775483,22879.771261891565,23050.349976139063,35305072772.99431
2022-05-19 00:00:00+00:00,23025.533917633504,23148.94079228318,22263.23772804215,22382.55644557556,34090405226.91386
2022-05-20 00:00:00+00:00,22322.37325800733,22602.466605386224,21785.81465643068,22058.07920064964,35987403425.72121
2022-05-21 00:00:00+00:00,22067.488514312678,22244.50909354593,21516.20964564058,21712.313076655264,37544368739.11403
2022-05-22 00:00:00+00:00,21672.180562679896,21872.724509080566,21168.74195873152,21427.12603636484,32813923893.38578
2022-05-23 00:00:00+00:00,21463.030240012988,21612.65501686187,21045.41930508005,21244.07812593651,31033688388.103855
2022-05-24 00:00:00+00:00,21191.535171208467,21369.085727861348,20994.38799559861,21152.01788677616,31295609732.09214
2022-05-25 00:00:00+00:00,21058.48597112872,21234.1207379728,20503.791199849467,20600.75895487353,34196150342.69093
2022-05-26 00:00:00+00:00,20606.97401300228,20785.07614526944,20172.480747004414,20450.017759376467,37806519304.499695
2022-05-27 00:00:00+00:00,20509.45553287105,20615.69305724402,19877.98523571136,20163.75388729329,40468223733.10286
2022-05-28 00:00:00+00:00,20116.206593043546,20296.27888112706,19682.3957850334,19886.649473919395,40501234427.47248
2022-05-29 00:00:00+00:00,19848.07091409195,20032.759541539603,19300.646238721245,19398.400825705627,33748572901.763973
2022-05-30 00:00:00+00:00,19455.570306174297,19654.165168585863,19209.894555792693,19407.983299028016,32653769094.190254
2022-05-31 00:00:00+00:00,19298.57998328669,19402.97412180955,18768.33156688056,18922.65272570694,39787112744.6503
2022-06-01 00:00:00+00:00,18966.962031972947,19138.536838205848,18581.28337587732,18700.956172580867,31530415836.2587
2022-06-02 00:00:00+00:00,18691.105557348492,18754.64781966932,18266.39588355641,18467.00374313713,37499331094.12822
2022-06-03 00:00:00+00:00,18494.846410389797,18678.045050070155,18191.433319743304,18254.45836522932,32939712567.38782
2022-06-04 00:00:00+00:00,18261.180975358184,18440.856429907955,17924.04629931931,18057.14084796443,26687480301.20348
2022-06-05 00:00:00+00:00,18041.55624714789,18135.822227335582,17611.179840819495,17776.746340000685,36822057502.19379
2022-06-06 00:00:00+00:00,17708.20307620004,18077.05312332993,17418.571278215975,17622.176784121664,31398653441.044884
2022-06-07 00:00:00+00:00,17633.193656820004,17771.20412246082,17162.571669848843,17423.473933646528,34870057540.58629
2022-06-08 00:00:00+00:00,17380.85172430405,17480.59471569884,17031.386084224625,17140.485569331846,32162475971.859818
2022-06-09 00:00:00+00:00,17088.032846033722,17288.8999166703,16939.420696205296,17108.030376745734,38394532537.95828
2022-06-10 00:00:00+00:00,17073.6223776219,17224.720616404447,16723.529519874435,16766.23526973093,32801960476.527397
2022-06-11 00:00:00+00:00,16784.19357181439,16892.70093646731,16296.450535461923,16424.59218481961,37297655659.03936
2022-06-12 00:00:00+00:00,16440.156070849895,16662.408747463534,15971.577616611548,16146.13493690756,29485039840.187923
2022-06-13 00:00:00+00:00,16153.949827604736,16320.656230455596,15702.214631215667,15842.690063244288,35975809204.539185
2022-06-14 00:00:00+00:00,15819.483322050692,15899.46020960101,15407.255468856049,15589.567269440638,30753756089.695885
2022-06-15 00:00:00+00:00,15618.906094765023,15777.782393059531,15048.117564450527,15231.162744978004,41491264098.51166
2022-06-16 00:00:00+00:00,15172.779491316069,15318.21043396613,14867.610819917623,14972.132392017553,34481215125.9979
2022-06-17 00:00:00+00:00,14979.833037624932,15047.172772197384,14554.015725653388,14640.332393295404,31988151331.956734
2022-06-18 00:00:00+00:00,14698.397324649295,15183.33425878488,14554.992809954416,15025.596915670789,35849266088.692696
2022-06-19 00:00:00+00:00,14994.2779556677,15289.570888911636,14814.319328067142,15097.603227856622,31856032249.928505
2022-06-20 00:00:00+00:00,15107.271812289317,15403.437220974898,15004.07183915034,15266.18629586972,37938236975.62807
2022-06-21 00:00:00+00:00,15305.70224856056,15538.25642832287,15047.388595100989,15387.126627858534,38057865220.48503
2022-06-22 00:00:00+00:00,15374.731659088957,15707.442123022396,15239.812538740392,15526.473084193964,38586827962.88132
2022-06-23 00:00:00+00:00,15516.27705160478,15708.703741518755,15372.812611891442,15600.907848237202,35988921936.45835
2022-06-24 00:00:00+00:00,15622.30128481913,15856.14454511155,15443.590537278027,15697.967889598884,30507207263.048195
2022-06-25 00:00:00+00:00,15677.911519845922,15978.79168779572,15485.586442980377,15868.45349847622,34662693114.1327
2022-06-26 00:00:00+00:00,15812.819475460445,16133.752249544505,15681.944854331054,15968.68370700136,40860403721.81856
2022-06-27 00:00:00+00:00,15958.538464398376,16250.793073527868,15862.179503852294,16110.909989839469,42356326273.50639
2022-06-28 00:00:00+00:00,16123.247195058237,16399.037147612133,15952.190274301744,16160.157867600874,38665209210.696365
2022-06-29 00:00:00+00:00,16174.9841355332,16463.06565521464,16047.989121132428,16311.516112149846,27120184348.127384
2022-06-30 00:00:00+00:00,16292.979785955911,16392.852685781032,16089.195583648969,16298.443822369789,39506260619.03409
2022-07-01 00:00:00+00:00,16335.39001826877,16525.9134870505,16060.959423274877,16298.7220310131,33934615950.043083
2022-07-02 00:00:00+00:00,16290.74379947858,16568.315071295605,16085.40269038569,16419.459813972757,33703473072.146584
2022-07-03 00:00:00+00:00,16421.286160499338,16708.593140256202,16205.29895719536,16564.2175047818,36560384342.05077
2022-07-04 00:00:00+00:00,16587.0811525299,16910.589833325135,16465.703012976,16626.965192339536,27928688138.920845
2022-07-05 00:00:00+00:00,16617.328403772477,16857.306965052656,16484.930218345482,16653.128409364275,37184860994.80235
2022-07-06 00:00:00+00:00,16649.867370846965,16806.14286401834,16440.62763839814,16654.578983029773,35037734558.009346
2022-07-07 00:00:00+00:00,16651.99185811004,16940.51746246368,16416.76252530221,16776.660113802332,33977285562.220245
2022-07-08 00:00:00+00:00,16826.57380311116,17139.79943006477,16618.827345713078,16931.583224164628,38145511379.87475
2022-07-09 00:00:00+00:00,16912.18334800127,17139.43271935203,16664.74851709493,16878.911271762747,25255238587.01518
2022-07-10 00:00:00+00:00,16920.15156824571,17273.749849792748,16820.235996684274,17106.26753905722,34762647912.24063
2022-07-11 00:00:00+00:00,17091.113587901353,17610.27188876305,16884.71662457665,17536.426197951787,33596346885.74684
2022-07-12 00:00:00+00:00,17532.488295832893,17969.947502552164,17381.91268239749,17726.94269743901,32766644531.02328
2022-07-13 00:00:00+00:00,17719.419407501136,18009.17100230267,17554.72745546379,17821.681007855776,36656835643.95896
2022-07-14 00:00:00+00:00,17846.976192407757,18187.259104319844,17672.205561417926,17937.05067504001,40487280896.77576
2022-07-15 00:00:00+00:00,17905.326220362902,18260.131095220026,17788.08476381352,18115.506859377445,32658805690.847427
2022-07-16 00:00:00+00:00,18168.16144811817,18426.934607919506,18006.887227806423,18277.183572072376,35506545403.42323
2022-07-17 00:00:00+00:00,18295.44434383231,18616.8188762006,18087.910939570666,18441.671974618606,32044861248.51651
2022-07-18 00:00:00+00:00,18468.28853983225,18800.567654983624,18306.852996436744,18645.339390995705,33721013345.631374
2022-07-19 00:00:00+00:00,18668.29412807289,19118.72301164911,18449.588666173662,19009.17835775838,31660322432.447796
2022-07-20 00:00:00+00:00,19061.67345518029,19546.40919529269,18876.62946832121,19341.34627935044,29630051915.78891
2022-07-21 00:00:00+00:00,19427.96216839946,19615.742248032413,19149.671075272046,19322.25948065325,42467727897.93913
2022-07-22 00:00:00+00:00,19329.394536283933,19710.111160016728,19043.256019745582,19493.296677943847,35625496531.17401
2022-07-23 00:00:00+00:00,19457.411726947452,19937.94708264859,19386.818644174644,19853.02564105041,37656546327.33776
2022-07-24 00:00:00+00:00,19861.310520257357,20243.8848876136,19740.709586383236,19998.462562298413,35681448090.3014
2022-07-25 00:00:00+00:00,19954.69557369096,20465.01167331429,19780.602639851422,20311.61522388561,33486610069.82724
2022-07-26 00:00:00+00:00,20380.242745983996,20723.89119771859,20061.28570923136,20561.233148058887,35123911593.97346
2022-07-27 00:00:00+00:00,20598.782493809984,20778.228607709505,20215.11246245079,20695.976319789184,40932055513.684494
2022-07-28 00:00:00+00:00,20750.01773375954,21027.16439523876,20470.021582975336,20899.92777106046,37185705333.20828
2022-07-29 00:00:00+00:00,20874.98865937385,21225.47664729168,20703.60661926012,20956.178591784967,37095955533.333015
2022-07-30 00:00:00+00:00,20987.648658798396,21367.19152050678,20764.202431179223,21194.6083643318,34824398907.09287
2022-07-31 00:00:00+00:00,21154.056996155163,21509.514038696656,21025.943211991915,21271.893470484672,34744775707.471794
2022-08-01 00:00:00+00:00,21251.224967232716,21480.63333273567,20764.46426202913,21150.0000617562,35353509174.46072
2022-08-02 00:00:00+00:00,21147.639039723945,21318.28168140156,20768.602591370636,21152.684551806447,30039892631.397255
2022-08-03 00:00:00+00:00,21128.8567267387,21386.190610752703,20894.43448952768,21089.521221679217,36492393073.18587
2022-08-04 00:00:00+00:00,21118.04579348765,21272.24529705234,20687.197520285965,20869.51652324547,32951840318.293915
2022-08-05 00:00:00+00:00,20835.796560540275,21139.146726253264,20501.71273823314,20687.94757485736,39302718372.58432
2022-08-06 00:00:00+00:00,20667.478558880972,20864.26912296496,20340.51370380596,20499.488356325084,29232522526.46626
2022-08-07 00:00:00+00:00,20554.57764816341,20801.499527773507,20337.069201425405,20567.49686354652,37951508786.75816
2022-08-08 00:00:00+00:00,20592.18547479037,20707.77263635218,20219.863141638118,20412.240234021945,32925755411.51448
2022-08-09 00:00:00+00:00,20397.02860381888,20602.6894108847,20110.84948312409,20350.43277223482,29109583745.830936
2022-08-10 00:00:00+00:00,20397.933011075074,20523.467479585324,19834.824617043247,20152.41570011655,33003785842.157005
2022-08-11 00:00:00+00:00,20196.95142402549,20438.75169434055,19883.519088622656,20236.790321544097,33124486780.81894
2022-08-12 00:00:00+00:00,20239.346516143454,20550.240499701737,20063.369850784533,20342.96003709383,34889642560.1359
2022-08-13 00:00:00+00:00,20359.012149049253,20736.208083262864,20228.088942734157,20528.07374418852,41419445648.10893
2022-08-14 00:00:00+00:00,20574.172761538623,20879.64495213049,20386.9888632708,20658.769349907445,32827611353.549072
2022-08-15 00:00:00+00:00,20680.910716820028,20935.09669973244,20480.17127732901,20599.456123013733,33652916026.299126
2022-08-16 00:00:00+00:00,20602.796990624796,20889.87764185285,20368.69351811934,20665.09471016065,34665180046.520615
2022-08-17 00:00:00+00:00,20625.879430095774,20838.989319152683,20373.72937773153,20537.343046806764,32314691883.309006
2022-08-18 00:00:00+00:00,20493.569084142808,20710.146199809,20264.38089708183,20525.6302031172,41215688940.31327
2022-08-19 00:00:00+00:00,20572.771977664368,20748.12986935313,20306.103149863822,20552.5777561896,31212219408.059933
2022-08-20 00:00:00+00:00,20578.096608260545,20802.43360142915,20304.64080080933,20557.13962457128,33454384752.107517
2022-08-21 00:00:00+00:00,20543.52627431228,20784.06759886719,20174.942740441347,20416.40166015377,30277359986.99608
2022-08-22 00:00:00+00:00,20429.01543806985,20729.870899092683,20170.09567335935,20464.065261125244,33117039999.388405
2022-08-23 00:00:00+00:00,20440.9937580048,20711.890689352276,20197.53912125209,20387.889234119768,41471750344.48754
2022-08-24 00:00:00+00:00,20380.582322195507,20555.175054579253,20120.427798166384,20282.332571813276,32159360549.61327
2022-08-25 00:00:00+00:00,20290.20532772275,20436.53114398756,19991.815689066712,20138.300436570367,31972540580.856144
2022-08-26 00:00:00+00:00,20092.508452237977,20302.32249875597,19916.43227197439,19962.81309037132,34622536799.632454
2022-08-27 00:00:00+00:00,19932.11304039141,20116.874459022474,19624.22765726684,19891.16177600773,38847811392.95557
2022-08-28 00:00:00+00:00,19901.2513579165,20133.859360754304,19691.25021687883,19964.470919869185,33989850592.38771
2022-08-29 00:00:00+00:00,19953.753647029465,20239.931579896445,19680.640471399005,19916.970202188237,34451244416.05568
2022-08-30 00:00:00+00:00,19949.560512227672,20168.55204222424,19627.15605872396,19907.29670406003,46628848785.58108
2022-08-31 00:00:00+00:00,19894.322310426705,20259.29322136386,19709.029555458124,19913.15118158801,36906996005.84208
2022-09-01 00:00:00+00:00,19952.932906550875,20160.155689544023,19707.50159629357,19921.502596965547,43260516349.25274
2022-09-02 00:00:00+00:00,19968.7539817786,20105.39864149991,19651.708747361703,19808.792049553293,39773544508.40325
2022-09-03 00:00:00+00:00,19784.39681899145,19988.205156571847,19622.21694623513,19762.991239637387,34133524026.21122
2022-09-04 00:00:00+00:00,19779.14402538325,19978.97303432564,19549.045057415973,19700.11241032804,27947261355.48038
2022-09-05 00:00:00+00:00,19682.833111289707,19873.682920593576,19433.248649145717,19577.750584666377,29778504380.035675
2022-09-06 00:00:00+00:00,19588.091987926266,19783.08755222737,19195.259678170536,19397.32513896136,41810668968.37048
2022-09-07 00:00:00+00:00,19435.949207133566,19617.717311516568,19161.910157423157,19338.41761871808,35420016594.36769
2022-09-08 00:00:00+00:00,19300.569240909568,19567.776876815897,19079.57286085231,19443.07163875184,35615029922.57821
2022-09-09 00:00:00+00:00,19424.1421549965,19653.99142688038,19197.302547592644,19377.110249239875,32987116851.084175
2022-09-10 00:00:00+00:00,19355.55748454743,19553.18631683717,19069.44039435684,19248.336386205418,33094507831.301453
2022-09-11 00:00:00+00:00,19256.93990514019,19514.250574086385,19048.71566043095,19327.54491779348,38412319904.76197
2022-09-12 00:00:00+00:00,19302.677888693263,19465.59199499416,18943.023222200038,19121.337761268063,32152914678.810707
2022-09-13 00:00:00+00:00,19155.18533367358,19208.643956481348,18832.451097016525,18959.90615134695,28519140997.466022
2022-09-14 00:00:00+00:00,18921.846861766044,19111.14917611528,18652.23401413938,18831.263470403843,30648307100.241344
2022-09-15 00:00:00+00:00,18829.624064148884,19168.080627828505,18665.357514687752,18866.938491415007,34793358497.16015
2022-09-16 00:00:00+00:00,18847.097520768897,19073.33866912089,18558.476580357143,18660.591433068068,35083159858.43732
2022-09-17 00:00:00+00:00,18712.318348250326,18968.455924745325,18508.463691640547,18861.016321696967,38353961390.69209
2022-09-18 00:00:00+00:00,18848.531689090392,19022.291554978747,18531.4643838466,18703.223045791023,31042615258.108498
2022-09-19 00:00:00+00:00,18642.091457534687,18821.049745820907,18398.587550141587,18590.036777725934,31026164883.99525
2022-09-20 00:00:00+00:00,18568.85165155606,18887.03140027803,18327.618125301316,18710.38342459865,36098114840.50272
2022-09-21 00:00:00+00:00,18705.61372916104,18901.087868287887,18367.965238037377,18583.880518925343,32077296932.61046
2022-09-22 00:00:00+00:00,18601.46210347016,18821.271561394795,18416.346350061656,18586.604524976345,29521056255.782665
2022-09-23 00:00:00+00:00,18605.596067177343,18808.45015276023,18244.43421395252,18483.13974452324,41917306201.162254
2022-09-24 00:00:00+00:00,18451.487798278056,18868.35323742638,18371.74856058204,18688.598232909797,35261869145.894424
2022-09-25 00:00:00+00:00,18667.44722573614,18862.596581205213,18405.02510627263,18615.08226807887,35656843417.12524
2022-09-26 00:00:00+00:00,18647.39857445054,18864.431866726016,18300.294583528477,18674.612551946146,33871218022.305237
2022-09-27 00:00:00+00:00,18674.628860028668,18875.89641094628,18338.088060135506,18525.53226044149,35415542794.27819
2022-09-28 00:00:00+00:00,18511.95045226592,18766.12916628344,18400.65690789468,18448.420166220647,51521461050.776566
2022-09-29 00:00:00+00:00,18436.122079161487,18605.14508356448,18237.70179598394,18441.252237634133,43379887025.749146
2022-09-30 00:00:00+00:00,18414.15333931989,18663.780663488167,18122.6458070356,18360.643606162685,34097240404.81128
2022-10-01 00:00:00+00:00,18312.60811036308,18380.87223848099,18272.52394449693,18307.297772708887,835548800.0311357
